"setting.idx","method","Dose 1","Dose 2","Dose 3","Dose 4","Dose 5","EN","EN.Overdose","DLT_pts","duration"
41,"ours0.s1",14,11.18,4.3,0.9,0.11,30.49,5.3,0,26.86
41,"ours0.s2",0.01,0.05,0.09,0.05,0.01,0.2,0.15,0,0.17
41,"ours0.total",14.01,11.23,4.39,0.95,0.13,30.69,5.46,6.78,27.04
41,"bf.s1",13.63,11.27,4.45,0.88,0.1,30.33,5.43,0,26.68
41,"bf.s2",0,0,0,0,0,0,0,0,0
41,"bf.total",13.63,11.27,4.45,0.88,0.1,30.33,5.43,6.78,26.68
41,"ours1.s1",13.65,10.95,4.5,1.03,0.18,30.3,5.71,0,21.46
41,"ours1.s2",0.01,0.04,0.12,0.06,0.01,0.24,0.19,0,0.21
41,"ours1.total",13.66,10.99,4.62,1.09,0.19,30.54,5.89,6.8,21.67
41,"ours2.s1",13.68,10.93,4.5,1.01,0.12,30.24,5.63,0,21.71
41,"ours2.s2",0.01,0.06,0.1,0.04,0.01,0.22,0.15,0,0.21
41,"ours2.total",13.69,10.99,4.61,1.05,0.13,30.46,5.78,6.78,21.92
41,"ours3.s1",13.75,10.95,4.49,0.98,0.15,30.32,5.62,0,21.76
41,"ours3.s2",0,0,0,0,0,0,0,0,0
41,"ours3.total",13.75,10.95,4.49,0.98,0.15,30.32,5.62,6.81,21.76
41,"titeet",15.8,9.3,3.6,0.9,0.2,29.8,4.7,6.5,20.78
41,"tite12",8.4,6.5,4.1,2.3,1,22.3,7.4,5.7,17.88
41,"bfet",12.35,10.12,4.39,1.2,0.23,28.29,5.82,6.04,16.9
21,"ours0.s1",13.97,11,4.32,0.81,0.1,30.2,5.24,0,26.61
21,"ours0.s2",0,0.04,0.08,0.06,0.01,0.18,0.14,0,0.18
21,"ours0.total",13.97,11.04,4.41,0.87,0.1,30.39,5.38,6.76,26.79
21,"bf.s1",13.63,11.27,4.45,0.88,0.1,30.33,5.43,0,26.68
21,"bf.s2",0,0,0,0,0,0,0,0,0
21,"bf.total",13.63,11.27,4.45,0.88,0.1,30.33,5.43,6.78,26.68
21,"ours1.s1",13.66,10.96,4.58,1.01,0.15,30.37,5.74,0,21.38
21,"ours1.s2",0.01,0.03,0.16,0.08,0.01,0.29,0.25,0,0.26
21,"ours1.total",13.67,11,4.74,1.09,0.16,30.65,5.99,6.85,21.64
21,"ours2.s1",13.76,11,4.52,1.01,0.14,30.43,5.68,0,21.86
21,"ours2.s2",0,0.05,0.15,0.06,0.02,0.28,0.23,0,0.25
21,"ours2.total",13.76,11.05,4.67,1.07,0.16,30.71,5.9,6.85,22.12
21,"ours3.s1",13.76,10.98,4.5,0.97,0.15,30.36,5.62,0,21.77
21,"ours3.s2",0,0,0,0,0,0,0,0,0
21,"ours3.total",13.76,10.98,4.5,0.97,0.15,30.36,5.62,6.81,21.77
21,"titeet",15.8,9.3,3.6,0.9,0.2,29.8,4.7,6.5,20.78
21,"tite12",8.4,6.5,4.1,2.3,1,22.3,7.4,5.7,17.88
21,"bfet",12.35,10.12,4.39,1.2,0.23,28.29,5.82,6.04,16.9
31,"ours0.s1",14.01,11.05,4.25,0.88,0.11,30.3,5.23,0,26.77
31,"ours0.s2",0,0.05,0.08,0.04,0.01,0.19,0.14,0,0.17
31,"ours0.total",14.01,11.1,4.33,0.91,0.13,30.49,5.37,6.73,26.93
31,"bf.s1",13.63,11.27,4.45,0.88,0.1,30.33,5.43,0,26.68
31,"bf.s2",0,0,0,0,0,0,0,0,0
31,"bf.total",13.63,11.27,4.45,0.88,0.1,30.33,5.43,6.78,26.68
31,"ours1.s1",13.72,10.96,4.52,1,0.16,30.36,5.67,0,21.42
31,"ours1.s2",0.01,0.04,0.14,0.06,0.01,0.27,0.22,0,0.24
31,"ours1.total",13.73,11.01,4.66,1.06,0.17,30.63,5.89,6.84,21.66
31,"ours2.s1",13.74,10.94,4.55,1.03,0.15,30.4,5.73,0,21.86
31,"ours2.s2",0.01,0.04,0.1,0.06,0.01,0.23,0.18,0,0.21
31,"ours2.total",13.75,10.98,4.65,1.09,0.16,30.63,5.91,6.85,22.07
31,"ours3.s1",13.75,10.97,4.49,0.99,0.16,30.37,5.64,0,21.77
31,"ours3.s2",0,0,0,0,0,0,0,0,0
31,"ours3.total",13.75,10.97,4.49,0.99,0.16,30.37,5.64,6.82,21.77
31,"titeet",15.8,9.3,3.6,0.9,0.2,29.8,4.7,6.5,20.78
31,"tite12",8.4,6.5,4.1,2.3,1,22.3,7.4,5.7,17.88
31,"bfet",12.35,10.12,4.39,1.2,0.23,28.29,5.82,6.04,16.9
11,"ours0.s1",14,10.94,4.24,0.83,0.11,30.12,5.17,0,26.54
11,"ours0.s2",0,0.04,0.08,0.05,0,0.19,0.14,0,0.17
11,"ours0.total",14,10.99,4.32,0.88,0.11,30.3,5.31,6.76,26.71
11,"bf.s1",13.63,11.27,4.45,0.88,0.1,30.33,5.43,0,26.68
11,"bf.s2",0,0,0,0,0,0,0,0,0
11,"bf.total",13.63,11.27,4.45,0.88,0.1,30.33,5.43,6.78,26.68
11,"ours1.s1",13.71,10.95,4.56,1.03,0.15,30.4,5.74,0,21.43
11,"ours1.s2",0.01,0.04,0.16,0.09,0.01,0.3,0.25,0,0.26
11,"ours1.total",13.72,10.99,4.72,1.11,0.16,30.7,5.99,6.87,21.69
11,"ours2.s1",13.76,11.01,4.52,1,0.15,30.45,5.68,0,21.87
11,"ours2.s2",0.01,0.05,0.15,0.07,0.02,0.28,0.23,0,0.25
11,"ours2.total",13.77,11.06,4.67,1.07,0.17,30.73,5.9,6.85,22.12
11,"ours3.s1",13.75,10.97,4.5,0.97,0.15,30.35,5.62,0,21.75
11,"ours3.s2",0,0,0,0,0,0,0,0,0
11,"ours3.total",13.75,10.97,4.5,0.97,0.15,30.35,5.62,6.82,21.75
11,"titeet",15.8,9.3,3.6,0.9,0.2,29.8,4.7,6.5,20.78
11,"tite12",8.4,6.5,4.1,2.3,1,22.3,7.4,5.7,17.88
11,"bfet",12.35,10.12,4.39,1.2,0.23,28.29,5.82,6.04,16.9
1,"ours0.s1",13.92,11,4.3,0.84,0.1,30.18,5.25,0,26.62
1,"ours0.s2",0,0.05,0.08,0.05,0.01,0.19,0.13,0,0.17
1,"ours0.total",13.93,11.06,4.38,0.89,0.11,30.36,5.38,6.74,26.79
1,"bf.s1",13.63,11.27,4.45,0.88,0.1,30.33,5.43,0,26.68
1,"bf.s2",0,0,0,0,0,0,0,0,0
1,"bf.total",13.63,11.27,4.45,0.88,0.1,30.33,5.43,6.78,26.68
1,"ours1.s1",13.71,10.96,4.52,1.02,0.15,30.36,5.69,0,21.41
1,"ours1.s2",0.01,0.04,0.17,0.07,0.01,0.3,0.25,0,0.27
1,"ours1.total",13.71,11.01,4.68,1.09,0.17,30.66,5.94,6.86,21.67
1,"ours2.s1",13.68,10.96,4.62,1.04,0.17,30.46,5.83,0,21.85
1,"ours2.s2",0.01,0.04,0.12,0.08,0.01,0.25,0.21,0,0.23
1,"ours2.total",13.68,10.99,4.75,1.11,0.18,30.71,6.03,6.86,22.08
1,"ours3.s1",13.76,10.98,4.49,0.97,0.15,30.36,5.61,0,21.76
1,"ours3.s2",0,0,0,0,0,0,0,0,0
1,"ours3.total",13.76,10.98,4.49,0.97,0.15,30.36,5.61,6.82,21.76
1,"titeet",15.8,9.3,3.6,0.9,0.2,29.8,4.7,6.5,20.78
1,"tite12",8.4,6.5,4.1,2.3,1,22.3,7.4,5.7,17.88
1,"bfet",12.35,10.12,4.39,1.2,0.23,28.29,5.82,6.04,16.9
25,"ours0.s1",8.63,11.7,11.39,4.92,0.95,37.59,5.87,0,31.59
25,"ours0.s2",0,0.02,0.31,0.42,0.11,0.86,0.53,0,0.78
25,"ours0.total",8.63,11.72,11.7,5.34,1.05,38.44,6.4,6.44,32.37
25,"bf.s1",7.69,11.91,11.42,5.1,1,37.12,6.1,0,31.58
25,"bf.s2",0,0,0,0,0,0,0,0,0
25,"bf.total",7.69,11.91,11.42,5.1,1,37.12,6.1,6.46,31.58
25,"ours1.s1",8.59,11.46,11.26,5.02,1.04,37.38,6.06,0,25.01
25,"ours1.s2",0.01,0.04,0.33,0.53,0.14,1.04,0.67,0,0.92
25,"ours1.total",8.6,11.5,11.59,5.54,1.19,38.41,6.73,6.45,25.93
25,"ours2.s1",8.68,11.45,11.22,4.84,0.97,37.16,5.81,0,25.39
25,"ours2.s2",0,0.03,0.33,0.5,0.15,1.01,0.65,0,0.89
25,"ours2.total",8.68,11.48,11.54,5.34,1.12,38.17,6.47,6.39,26.29
25,"ours3.s1",8.52,11.4,11.24,5.05,1.1,37.31,6.16,0,25.53
25,"ours3.s2",0,0,0,0,0,0,0,0,0
25,"ours3.total",8.52,11.4,11.24,5.05,1.1,37.31,6.16,6.41,25.53
25,"titeet",5.9,8.6,10.4,4,0.9,29.8,4.9,5.4,23.38
25,"tite12",5.1,5.9,7.5,5.1,2.5,26.1,7.6,5.4,21.94
25,"bfet",6.77,9.26,10.29,5.02,1.28,32.62,6.3,5.65,21.1
45,"ours0.s1",8.71,11.59,11.26,4.96,0.97,37.5,5.94,0,31.51
45,"ours0.s2",0,0.02,0.24,0.25,0.07,0.58,0.32,0,0.55
45,"ours0.total",8.71,11.62,11.5,5.21,1.05,38.08,6.26,6.4,32.05
45,"bf.s1",7.69,11.91,11.42,5.1,1,37.12,6.1,0,31.58
45,"bf.s2",0,0,0,0,0,0,0,0,0
45,"bf.total",7.69,11.91,11.42,5.1,1,37.12,6.1,6.46,31.58
45,"ours1.s1",8.63,11.48,11.28,4.98,1.03,37.4,6.02,0,25.07
45,"ours1.s2",0,0.03,0.28,0.3,0.07,0.68,0.37,0,0.63
45,"ours1.total",8.63,11.5,11.56,5.29,1.1,38.08,6.39,6.46,25.7
45,"ours2.s1",8.63,11.45,11.22,4.84,1.04,37.19,5.88,0,25.53
45,"ours2.s2",0,0.03,0.27,0.3,0.08,0.68,0.37,0,0.62
45,"ours2.total",8.64,11.48,11.49,5.14,1.12,37.87,6.26,6.39,26.15
45,"ours3.s1",8.52,11.39,11.19,5.05,1.11,37.26,6.16,0,25.57
45,"ours3.s2",0,0,0,0,0,0,0,0,0
45,"ours3.total",8.52,11.39,11.19,5.05,1.11,37.26,6.16,6.41,25.57
45,"titeet",5.9,8.6,10.4,4,0.9,29.8,4.9,5.4,23.38
45,"tite12",5.1,5.9,7.5,5.1,2.5,26.1,7.6,5.4,21.94
45,"bfet",6.77,9.26,10.29,5.02,1.28,32.62,6.3,5.65,21.1
35,"ours0.s1",8.78,11.69,11.12,4.74,0.92,37.26,5.66,0,31.47
35,"ours0.s2",0,0.02,0.29,0.34,0.08,0.74,0.43,0,0.67
35,"ours0.total",8.79,11.71,11.41,5.08,1.01,37.99,6.09,6.34,32.14
35,"bf.s1",7.69,11.91,11.42,5.1,1,37.12,6.1,0,31.58
35,"bf.s2",0,0,0,0,0,0,0,0,0
35,"bf.total",7.69,11.91,11.42,5.1,1,37.12,6.1,6.46,31.58
35,"ours1.s1",8.54,11.42,11.32,5.03,1.07,37.38,6.1,0,25.03
35,"ours1.s2",0,0.04,0.32,0.45,0.1,0.91,0.55,0,0.81
35,"ours1.total",8.54,11.46,11.64,5.49,1.17,38.29,6.66,6.46,25.84
35,"ours2.s1",8.65,11.32,11.24,4.93,1.02,37.16,5.95,0,25.42
35,"ours2.s2",0,0.02,0.31,0.41,0.14,0.88,0.55,0,0.76
35,"ours2.total",8.65,11.34,11.54,5.34,1.16,38.04,6.5,6.4,26.18
35,"ours3.s1",8.52,11.42,11.21,5.03,1.09,37.27,6.13,0,25.55
35,"ours3.s2",0,0,0,0,0,0,0,0,0
35,"ours3.total",8.52,11.42,11.21,5.03,1.09,37.27,6.13,6.4,25.55
35,"titeet",5.9,8.6,10.4,4,0.9,29.8,4.9,5.4,23.38
35,"tite12",5.1,5.9,7.5,5.1,2.5,26.1,7.6,5.4,21.94
35,"bfet",6.77,9.26,10.29,5.02,1.28,32.62,6.3,5.65,21.1
15,"ours0.s1",8.78,11.57,11.37,4.9,0.9,37.52,5.81,0,31.51
15,"ours0.s2",0,0.02,0.29,0.43,0.1,0.85,0.53,0,0.76
15,"ours0.total",8.78,11.59,11.65,5.34,1,38.37,6.34,6.43,32.27
15,"bf.s1",7.69,11.91,11.42,5.1,1,37.12,6.1,0,31.58
15,"bf.s2",0,0,0,0,0,0,0,0,0
15,"bf.total",7.69,11.91,11.42,5.1,1,37.12,6.1,6.46,31.58
15,"ours1.s1",8.56,11.44,11.22,4.98,1.02,37.22,6,0,24.9
15,"ours1.s2",0,0.04,0.31,0.5,0.15,1,0.65,0,0.89
15,"ours1.total",8.57,11.48,11.53,5.48,1.17,38.23,6.65,6.42,25.78
15,"ours2.s1",8.64,11.47,11.23,4.88,1,37.22,5.88,0,25.45
15,"ours2.s2",0,0.03,0.33,0.5,0.15,1.01,0.65,0,0.89
15,"ours2.total",8.64,11.49,11.56,5.38,1.15,38.23,6.53,6.42,26.34
15,"ours3.s1",8.52,11.41,11.24,5.04,1.11,37.32,6.15,0,25.53
15,"ours3.s2",0,0,0,0,0,0,0,0,0
15,"ours3.total",8.52,11.41,11.24,5.04,1.11,37.32,6.15,6.41,25.53
15,"titeet",5.9,8.6,10.4,4,0.9,29.8,4.9,5.4,23.38
15,"tite12",5.1,5.9,7.5,5.1,2.5,26.1,7.6,5.4,21.94
15,"bfet",6.77,9.26,10.29,5.02,1.28,32.62,6.3,5.65,21.1
5,"ours0.s1",8.69,11.66,11.28,4.79,0.9,37.32,5.69,0,31.48
5,"ours0.s2",0,0.02,0.28,0.37,0.09,0.76,0.46,0,0.71
5,"ours0.total",8.69,11.69,11.57,5.16,0.99,38.09,6.14,6.41,32.19
5,"bf.s1",7.69,11.91,11.42,5.1,1,37.12,6.1,0,31.58
5,"bf.s2",0,0,0,0,0,0,0,0,0
5,"bf.total",7.69,11.91,11.42,5.1,1,37.12,6.1,6.46,31.58
5,"ours1.s1",8.54,11.45,11.34,5.01,1.05,37.38,6.05,0,24.94
5,"ours1.s2",0.01,0.03,0.3,0.5,0.12,0.97,0.62,0,0.85
5,"ours1.total",8.54,11.48,11.65,5.51,1.17,38.34,6.67,6.49,25.79
5,"ours2.s1",8.64,11.55,11.26,4.89,1.03,37.37,5.92,0,25.5
5,"ours2.s2",0,0.03,0.33,0.47,0.16,0.99,0.63,0,0.87
5,"ours2.total",8.64,11.57,11.59,5.36,1.19,38.36,6.55,6.44,26.37
5,"ours3.s1",8.52,11.42,11.23,5.03,1.1,37.31,6.13,0,25.53
5,"ours3.s2",0,0,0,0,0,0,0,0,0
5,"ours3.total",8.52,11.42,11.23,5.03,1.1,37.31,6.13,6.41,25.53
5,"titeet",5.9,8.6,10.4,4,0.9,29.8,4.9,5.4,23.38
5,"tite12",5.1,5.9,7.5,5.1,2.5,26.1,7.6,5.4,21.94
5,"bfet",6.77,9.26,10.29,5.02,1.28,32.62,6.3,5.65,21.1
42,"ours0.s1",10.16,13.52,9.84,3.73,0.75,37.99,4.47,0,31.03
42,"ours0.s2",0,0.02,0.18,0.2,0.04,0.44,0.24,0,0.39
42,"ours0.total",10.17,13.54,10.02,3.92,0.79,38.44,4.71,6.57,31.42
42,"bf.s1",9.18,13.58,10.27,4.03,0.76,37.83,4.8,0,31.09
42,"bf.s2",0,0,0,0,0,0,0,0,0
42,"bf.total",9.18,13.58,10.27,4.03,0.76,37.83,4.8,6.68,31.09
42,"ours1.s1",9.96,13.36,9.98,3.9,0.78,37.97,4.67,0,24.7
42,"ours1.s2",0.01,0.03,0.22,0.22,0.05,0.52,0.27,0,0.48
42,"ours1.total",9.97,13.39,10.2,4.12,0.82,38.49,4.94,6.66,25.19
42,"ours2.s1",9.94,13.36,9.87,3.78,0.75,37.69,4.52,0,25.08
42,"ours2.s2",0,0.02,0.19,0.18,0.05,0.44,0.22,0,0.41
42,"ours2.total",9.94,13.38,10.06,3.95,0.79,38.13,4.75,6.55,25.49
42,"ours3.s1",9.94,13.25,9.98,3.91,0.85,37.93,4.76,0,25.17
42,"ours3.s2",0,0,0,0,0,0,0,0,0
42,"ours3.total",9.94,13.25,9.98,3.91,0.85,37.93,4.76,6.63,25.17
42,"titeet",6.7,12.7,7.2,2.6,0.7,29.9,3.3,5.2,22.64
42,"tite12",5.3,7.6,6,4,2,24.9,6,5.1,20.8
42,"bfet",7.83,12.04,9.19,4.02,1.06,34.15,5.08,5.94,20.4
22,"ours0.s1",10.22,13.54,9.81,3.67,0.72,37.95,4.39,0,30.9
22,"ours0.s2",0,0.01,0.26,0.26,0.05,0.58,0.3,0,0.55
22,"ours0.total",10.22,13.55,10.07,3.93,0.76,38.53,4.69,6.57,31.45
22,"bf.s1",9.18,13.58,10.27,4.03,0.76,37.83,4.8,0,31.09
22,"bf.s2",0,0,0,0,0,0,0,0,0
22,"bf.total",9.18,13.58,10.27,4.03,0.76,37.83,4.8,6.68,31.09
22,"ours1.s1",10.05,13.38,9.97,3.85,0.78,38.03,4.63,0,24.58
22,"ours1.s2",0,0.03,0.33,0.35,0.1,0.81,0.45,0,0.73
22,"ours1.total",10.05,13.41,10.3,4.2,0.88,38.84,5.08,6.66,25.31
22,"ours2.s1",10.12,13.33,9.9,3.74,0.79,37.88,4.54,0,25.09
22,"ours2.s2",0,0.02,0.34,0.39,0.1,0.86,0.49,0,0.77
22,"ours2.total",10.12,13.35,10.23,4.14,0.89,38.73,5.03,6.58,25.85
22,"ours3.s1",9.94,13.32,10,3.92,0.85,38.03,4.77,0,25.15
22,"ours3.s2",0,0,0,0,0,0,0,0,0
22,"ours3.total",9.94,13.32,10,3.92,0.85,38.03,4.77,6.64,25.15
22,"titeet",6.7,12.7,7.2,2.6,0.7,29.9,3.3,5.2,22.64
22,"tite12",5.3,7.6,6,4,2,24.9,6,5.1,20.8
22,"bfet",7.83,12.04,9.19,4.02,1.06,34.15,5.08,5.94,20.4
2,"ours0.s1",10.17,13.56,9.78,3.65,0.75,37.91,4.39,0,30.97
2,"ours0.s2",0,0.02,0.22,0.22,0.05,0.51,0.27,0,0.47
2,"ours0.total",10.18,13.58,10,3.87,0.8,38.42,4.66,6.54,31.44
2,"bf.s1",9.18,13.58,10.27,4.03,0.76,37.83,4.8,0,31.09
2,"bf.s2",0,0,0,0,0,0,0,0,0
2,"bf.total",9.18,13.58,10.27,4.03,0.76,37.83,4.8,6.68,31.09
2,"ours1.s1",10.05,13.38,9.92,3.86,0.83,38.03,4.69,0,24.66
2,"ours1.s2",0.01,0.03,0.33,0.33,0.1,0.8,0.43,0,0.72
2,"ours1.total",10.06,13.41,10.25,4.19,0.93,38.83,5.12,6.61,25.37
2,"ours2.s1",10.07,13.24,9.87,3.84,0.83,37.85,4.67,0,25.03
2,"ours2.s2",0.01,0.02,0.29,0.32,0.11,0.74,0.43,0,0.66
2,"ours2.total",10.07,13.27,10.16,4.16,0.94,38.59,5.09,6.62,25.7
2,"ours3.s1",9.94,13.31,9.99,3.92,0.84,38,4.76,0,25.15
2,"ours3.s2",0,0,0,0,0,0,0,0,0
2,"ours3.total",9.94,13.31,9.99,3.92,0.84,38,4.76,6.64,25.15
2,"titeet",6.7,12.7,7.2,2.6,0.7,29.9,3.3,5.2,22.64
2,"tite12",5.3,7.6,6,4,2,24.9,6,5.1,20.8
2,"bfet",7.83,12.04,9.19,4.02,1.06,34.15,5.08,5.94,20.4
46,"ours0.s1",6.37,8.32,10.83,10.74,4.19,40.45,4.19,0,33.52
46,"ours0.s2",0,0,0.12,0.58,0.33,1.04,0.33,0,0.93
46,"ours0.total",6.37,8.32,10.95,11.32,4.53,41.49,4.53,5.54,34.45
46,"bf.s1",5.11,8.14,11.4,10.75,4.11,39.5,4.11,0,33.37
46,"bf.s2",0,0,0,0,0,0,0,0,0
46,"bf.total",5.11,8.14,11.4,10.75,4.11,39.5,4.11,5.52,33.37
46,"ours1.s1",6.22,8.27,10.63,10.41,4.51,40.04,4.51,0,26.83
46,"ours1.s2",0,0.01,0.16,0.66,0.29,1.11,0.29,0,1.03
46,"ours1.total",6.22,8.28,10.79,11.07,4.8,41.15,4.8,5.57,27.86
46,"ours2.s1",6.22,8.42,10.63,10.32,4.47,40.07,4.47,0,27.38
46,"ours2.s2",0,0.01,0.15,0.64,0.31,1.1,0.31,0,1.04
46,"ours2.total",6.22,8.43,10.78,10.96,4.78,41.17,4.78,5.5,28.42
46,"ours3.s1",6.19,8.25,10.75,10.42,4.5,40.11,4.5,0,27.46
46,"ours3.s2",0,0,0,0,0,0,0,0,0
46,"ours3.total",6.19,8.25,10.75,10.42,4.5,40.11,4.5,5.49,27.46
46,"titeet",4.2,5.6,7.5,9.2,3.5,30,3.5,4.4,25.38
46,"tite12",4.3,5,5.7,7.8,4.6,27.4,4.6,4.3,23.83
46,"bfet",4.76,6.77,8.97,10.26,4.74,35.49,4.74,5.07,24.2
12,"ours0.s1",10.18,13.6,9.77,3.59,0.69,37.84,4.29,0,30.87
12,"ours0.s2",0,0.01,0.25,0.24,0.04,0.55,0.29,0,0.52
12,"ours0.total",10.18,13.61,10.02,3.84,0.74,38.39,4.57,6.53,31.4
12,"bf.s1",9.18,13.58,10.27,4.03,0.76,37.83,4.8,0,31.09
12,"bf.s2",0,0,0,0,0,0,0,0,0
12,"bf.total",9.18,13.58,10.27,4.03,0.76,37.83,4.8,6.68,31.09
12,"ours1.s1",10.06,13.33,9.98,3.89,0.79,38.05,4.68,0,24.58
12,"ours1.s2",0,0.03,0.33,0.35,0.1,0.81,0.45,0,0.72
12,"ours1.total",10.06,13.36,10.31,4.24,0.89,38.86,5.13,6.64,25.29
12,"ours2.s1",10.1,13.31,9.92,3.77,0.79,37.89,4.56,0,25.03
12,"ours2.s2",0,0.03,0.33,0.36,0.09,0.81,0.46,0,0.73
12,"ours2.total",10.11,13.34,10.25,4.13,0.88,38.71,5.01,6.6,25.76
12,"ours3.s1",9.94,13.31,9.99,3.92,0.85,38.02,4.77,0,25.14
12,"ours3.s2",0,0,0,0,0,0,0,0,0
12,"ours3.total",9.94,13.31,9.99,3.92,0.85,38.02,4.77,6.64,25.14
12,"titeet",6.7,12.7,7.2,2.6,0.7,29.9,3.3,5.2,22.64
12,"tite12",5.3,7.6,6,4,2,24.9,6,5.1,20.8
12,"bfet",7.83,12.04,9.19,4.02,1.06,34.15,5.08,5.94,20.4
32,"ours0.s1",10.19,13.62,9.79,3.6,0.73,37.93,4.33,0,30.96
32,"ours0.s2",0,0.02,0.22,0.18,0.03,0.45,0.22,0,0.42
32,"ours0.total",10.2,13.64,10,3.78,0.76,38.38,4.54,6.56,31.38
32,"bf.s1",9.18,13.58,10.27,4.03,0.76,37.83,4.8,0,31.09
32,"bf.s2",0,0,0,0,0,0,0,0,0
32,"bf.total",9.18,13.58,10.27,4.03,0.76,37.83,4.8,6.68,31.09
32,"ours1.s1",10.06,13.39,9.82,3.74,0.78,37.79,4.51,0,24.54
32,"ours1.s2",0.01,0.03,0.26,0.26,0.07,0.63,0.33,0,0.56
32,"ours1.total",10.07,13.42,10.09,4,0.84,38.42,4.85,6.63,25.09
32,"ours2.s1",10.01,13.37,9.79,3.66,0.74,37.57,4.4,0,24.96
32,"ours2.s2",0,0.02,0.23,0.28,0.07,0.6,0.35,0,0.52
32,"ours2.total",10.01,13.39,10.02,3.94,0.81,38.17,4.75,6.56,25.48
32,"ours3.s1",9.93,13.28,10,3.93,0.85,37.99,4.78,0,25.16
32,"ours3.s2",0,0,0,0,0,0,0,0,0
32,"ours3.total",9.93,13.28,10,3.93,0.85,37.99,4.78,6.65,25.16
32,"titeet",6.7,12.7,7.2,2.6,0.7,29.9,3.3,5.2,22.64
32,"tite12",5.3,7.6,6,4,2,24.9,6,5.1,20.8
32,"bfet",7.83,12.04,9.19,4.02,1.06,34.15,5.08,5.94,20.4
26,"ours0.s1",6.32,8.46,10.73,10.57,4.15,40.23,4.15,0,33.44
26,"ours0.s2",0,0,0.13,0.74,0.58,1.45,0.58,0,1.31
26,"ours0.total",6.32,8.46,10.86,11.31,4.73,41.68,4.73,5.46,34.75
26,"bf.s1",5.11,8.14,11.4,10.75,4.11,39.5,4.11,0,33.37
26,"bf.s2",0,0,0,0,0,0,0,0,0
26,"bf.total",5.11,8.14,11.4,10.75,4.11,39.5,4.11,5.52,33.37
26,"ours1.s1",6.24,8.31,10.67,10.58,4.53,40.32,4.53,0,26.91
26,"ours1.s2",0,0.01,0.16,0.86,0.75,1.78,0.75,0,1.51
26,"ours1.total",6.24,8.32,10.82,11.44,5.28,42.1,5.28,5.51,28.42
26,"ours2.s1",6.27,8.27,10.74,10.31,4.32,39.91,4.32,0,27.3
26,"ours2.s2",0,0,0.15,0.88,0.69,1.73,0.69,0,1.46
26,"ours2.total",6.27,8.28,10.89,11.19,5,41.63,5,5.46,28.76
26,"ours3.s1",6.19,8.25,10.79,10.46,4.45,40.13,4.45,0,27.4
26,"ours3.s2",0,0,0,0,0,0,0,0,0
26,"ours3.total",6.19,8.25,10.79,10.46,4.45,40.13,4.45,5.49,27.4
26,"titeet",4.2,5.6,7.5,9.2,3.5,30,3.5,4.4,25.38
26,"tite12",4.3,5,5.7,7.8,4.6,27.4,4.6,4.3,23.83
26,"bfet",4.76,6.77,8.97,10.26,4.74,35.49,4.74,5.07,24.2
36,"ours0.s1",6.3,8.33,10.8,10.81,4.2,40.43,4.2,0,33.49
36,"ours0.s2",0,0,0.14,0.61,0.36,1.1,0.36,0,1.02
36,"ours0.total",6.3,8.33,10.94,11.42,4.55,41.53,4.55,5.52,34.51
36,"bf.s1",5.11,8.14,11.4,10.75,4.11,39.5,4.11,0,33.37
36,"bf.s2",0,0,0,0,0,0,0,0,0
36,"bf.total",5.11,8.14,11.4,10.75,4.11,39.5,4.11,5.52,33.37
36,"ours1.s1",6.23,8.32,10.66,10.51,4.48,40.21,4.48,0,26.89
36,"ours1.s2",0,0.01,0.17,0.77,0.47,1.41,0.47,0,1.23
36,"ours1.total",6.24,8.33,10.83,11.28,4.95,41.62,4.95,5.55,28.13
36,"ours2.s1",6.26,8.26,10.74,10.53,4.46,40.25,4.46,0,27.45
36,"ours2.s2",0,0.01,0.16,0.77,0.49,1.42,0.49,0,1.23
36,"ours2.total",6.26,8.26,10.9,11.3,4.94,41.67,4.94,5.53,28.68
36,"ours3.s1",6.19,8.25,10.76,10.46,4.49,40.16,4.49,0,27.45
36,"ours3.s2",0,0,0,0,0,0,0,0,0
36,"ours3.total",6.19,8.25,10.76,10.46,4.49,40.16,4.49,5.5,27.45
36,"titeet",4.2,5.6,7.5,9.2,3.5,30,3.5,4.4,25.38
36,"tite12",4.3,5,5.7,7.8,4.6,27.4,4.6,4.3,23.83
36,"bfet",4.76,6.77,8.97,10.26,4.74,35.49,4.74,5.07,24.2
16,"ours0.s1",6.25,8.46,10.8,10.72,4.23,40.46,4.23,0,33.51
16,"ours0.s2",0,0,0.12,0.74,0.58,1.44,0.58,0,1.28
16,"ours0.total",6.25,8.46,10.92,11.46,4.81,41.89,4.81,5.51,34.79
16,"bf.s1",5.11,8.14,11.4,10.75,4.11,39.5,4.11,0,33.37
16,"bf.s2",0,0,0,0,0,0,0,0,0
16,"bf.total",5.11,8.14,11.4,10.75,4.11,39.5,4.11,5.52,33.37
16,"ours1.s1",6.28,8.35,10.58,10.49,4.54,40.24,4.54,0,26.85
16,"ours1.s2",0,0.01,0.15,0.87,0.69,1.72,0.69,0,1.48
16,"ours1.total",6.29,8.35,10.73,11.36,5.23,41.96,5.23,5.52,28.33
16,"ours2.s1",6.31,8.32,10.68,10.23,4.33,39.88,4.33,0,27.31
16,"ours2.s2",0,0.01,0.16,0.88,0.68,1.73,0.68,0,1.48
16,"ours2.total",6.31,8.33,10.84,11.12,5.01,41.61,5.01,5.46,28.78
16,"ours3.s1",6.19,8.25,10.79,10.46,4.45,40.14,4.45,0,27.41
16,"ours3.s2",0,0,0,0,0,0,0,0,0
16,"ours3.total",6.19,8.25,10.79,10.46,4.45,40.14,4.45,5.5,27.41
16,"titeet",4.2,5.6,7.5,9.2,3.5,30,3.5,4.4,25.38
16,"tite12",4.3,5,5.7,7.8,4.6,27.4,4.6,4.3,23.83
16,"bfet",4.76,6.77,8.97,10.26,4.74,35.49,4.74,5.07,24.2
47,"ours0.s1",12.14,13.63,9.75,3.69,0.71,39.93,4.41,0,30.98
47,"ours0.s2",0,0.02,0.15,0.15,0.05,0.37,0.2,0,0.32
47,"ours0.total",12.14,13.65,9.9,3.84,0.76,40.29,4.61,6.66,31.3
47,"bf.s1",11.51,13.94,10.3,3.96,0.73,40.44,4.69,0,31.03
47,"bf.s2",0,0,0,0,0,0,0,0,0
47,"bf.total",11.51,13.94,10.3,3.96,0.73,40.44,4.69,6.84,31.03
47,"ours1.s1",12.08,13.19,9.75,3.95,0.83,39.81,4.78,0,24.62
47,"ours1.s2",0,0.03,0.15,0.14,0.04,0.35,0.17,0,0.33
47,"ours1.total",12.09,13.22,9.9,4.09,0.87,40.16,4.96,6.74,24.95
47,"ours2.s1",12.04,13.26,9.84,3.86,0.79,39.79,4.65,0,25.18
47,"ours2.s2",0,0.02,0.17,0.14,0.03,0.37,0.17,0,0.34
47,"ours2.total",12.05,13.28,10.01,4,0.82,40.16,4.82,6.66,25.52
47,"ours3.s1",12,13.26,9.98,3.93,0.86,40.03,4.79,0,25.26
47,"ours3.s2",0,0,0,0,0,0,0,0,0
47,"ours3.total",12,13.26,9.98,3.93,0.86,40.03,4.79,6.73,25.26
47,"titeet",11.4,10,5.9,2.2,0.5,30,2.7,4.4,22.04
47,"tite12",7,6.6,5,3.4,1.7,23.7,5.1,4.5,19.69
47,"bfet",10.75,12.59,9.18,3.89,1.02,37.44,4.91,6.13,20.4
7,"ours0.s1",12.15,13.68,9.97,3.75,0.73,40.28,4.48,0,31.03
7,"ours0.s2",0,0.01,0.16,0.19,0.05,0.41,0.24,0,0.38
7,"ours0.total",12.15,13.69,10.13,3.94,0.78,40.69,4.72,6.72,31.4
7,"bf.s1",11.51,13.94,10.3,3.96,0.73,40.44,4.69,0,31.03
7,"bf.s2",0,0,0,0,0,0,0,0,0
7,"bf.total",11.51,13.94,10.3,3.96,0.73,40.44,4.69,6.84,31.03
7,"ours1.s1",12.11,13.23,9.98,3.86,0.73,39.92,4.59,0,24.67
7,"ours1.s2",0.01,0.02,0.21,0.23,0.06,0.54,0.3,0,0.48
7,"ours1.total",12.12,13.26,10.19,4.09,0.79,40.45,4.88,6.75,25.15
7,"ours2.s1",12.03,13.21,9.95,3.86,0.75,39.8,4.61,0,25.12
7,"ours2.s2",0,0.02,0.19,0.25,0.07,0.54,0.33,0,0.5
7,"ours2.total",12.04,13.23,10.14,4.12,0.82,40.35,4.94,6.72,25.62
7,"ours3.s1",11.99,13.29,10.01,3.95,0.85,40.09,4.79,0,25.22
7,"ours3.s2",0,0,0,0,0,0,0,0,0
7,"ours3.total",11.99,13.29,10.01,3.95,0.85,40.09,4.79,6.75,25.22
7,"titeet",11.4,10,5.9,2.2,0.5,30,2.7,4.4,22.04
7,"tite12",7,6.6,5,3.4,1.7,23.7,5.1,4.5,19.69
7,"bfet",10.75,12.59,9.18,3.89,1.02,37.44,4.91,6.13,20.4
6,"ours0.s1",6.31,8.51,10.85,10.53,4.16,40.36,4.16,0,33.46
6,"ours0.s2",0,0,0.12,0.75,0.49,1.37,0.49,0,1.19
6,"ours0.total",6.31,8.52,10.98,11.28,4.64,41.73,4.64,5.52,34.65
6,"bf.s1",5.11,8.14,11.4,10.75,4.11,39.5,4.11,0,33.37
6,"bf.s2",0,0,0,0,0,0,0,0,0
6,"bf.total",5.11,8.14,11.4,10.75,4.11,39.5,4.11,5.52,33.37
6,"ours1.s1",6.19,8.29,10.58,10.53,4.51,40.11,4.51,0,26.87
6,"ours1.s2",0,0.01,0.17,0.78,0.6,1.57,0.6,0,1.37
6,"ours1.total",6.2,8.31,10.75,11.32,5.11,41.68,5.11,5.6,28.24
6,"ours2.s1",6.2,8.33,10.68,10.38,4.39,39.99,4.39,0,27.3
6,"ours2.s2",0,0.01,0.16,0.89,0.67,1.72,0.67,0,1.45
6,"ours2.total",6.21,8.34,10.84,11.27,5.06,41.71,5.06,5.49,28.75
6,"ours3.s1",6.19,8.25,10.77,10.45,4.46,40.13,4.46,0,27.42
6,"ours3.s2",0,0,0,0,0,0,0,0,0
6,"ours3.total",6.19,8.25,10.77,10.45,4.46,40.13,4.46,5.5,27.42
6,"titeet",4.2,5.6,7.5,9.2,3.5,30,3.5,4.4,25.38
6,"tite12",4.3,5,5.7,7.8,4.6,27.4,4.6,4.3,23.83
6,"bfet",4.76,6.77,8.97,10.26,4.74,35.49,4.74,5.07,24.2
37,"ours0.s1",12.15,13.68,9.74,3.63,0.74,39.94,4.37,0,30.98
37,"ours0.s2",0,0.01,0.15,0.16,0.05,0.37,0.21,0,0.33
37,"ours0.total",12.15,13.69,9.89,3.79,0.79,40.31,4.58,6.67,31.3
37,"bf.s1",11.51,13.94,10.3,3.96,0.73,40.44,4.69,0,31.03
37,"bf.s2",0,0,0,0,0,0,0,0,0
37,"bf.total",11.51,13.94,10.3,3.96,0.73,40.44,4.69,6.84,31.03
37,"ours1.s1",11.97,13.27,10.07,3.99,0.81,40.11,4.8,0,24.71
37,"ours1.s2",0,0.03,0.17,0.24,0.04,0.49,0.29,0,0.44
37,"ours1.total",11.97,13.3,10.24,4.23,0.85,40.6,5.08,6.78,25.15
37,"ours2.s1",11.98,13.3,9.83,3.77,0.76,39.64,4.53,0,25.11
37,"ours2.s2",0,0.02,0.19,0.17,0.05,0.44,0.23,0,0.38
37,"ours2.total",11.98,13.32,10.02,3.94,0.82,40.08,4.76,6.67,25.5
37,"ours3.s1",11.99,13.28,10,3.95,0.85,40.07,4.8,0,25.24
37,"ours3.s2",0,0,0,0,0,0,0,0,0
37,"ours3.total",11.99,13.28,10,3.95,0.85,40.07,4.8,6.75,25.24
37,"titeet",11.4,10,5.9,2.2,0.5,30,2.7,4.4,22.04
37,"tite12",7,6.6,5,3.4,1.7,23.7,5.1,4.5,19.69
37,"bfet",10.75,12.59,9.18,3.89,1.02,37.44,4.91,6.13,20.4
27,"ours0.s1",12.24,13.61,9.88,3.67,0.69,40.09,4.36,0,30.98
27,"ours0.s2",0,0.01,0.2,0.2,0.05,0.46,0.25,0,0.43
27,"ours0.total",12.24,13.62,10.07,3.87,0.74,40.54,4.61,6.69,31.41
27,"bf.s1",11.51,13.94,10.3,3.96,0.73,40.44,4.69,0,31.03
27,"bf.s2",0,0,0,0,0,0,0,0,0
27,"bf.total",11.51,13.94,10.3,3.96,0.73,40.44,4.69,6.84,31.03
27,"ours1.s1",12.04,13.33,10.02,3.82,0.73,39.94,4.55,0,24.62
27,"ours1.s2",0,0.02,0.26,0.33,0.09,0.7,0.42,0,0.61
27,"ours1.total",12.04,13.35,10.28,4.14,0.82,40.64,4.97,6.74,25.23
27,"ours2.s1",12.02,13.28,9.91,3.79,0.77,39.78,4.57,0,25.05
27,"ours2.s2",0,0.02,0.24,0.3,0.09,0.66,0.39,0,0.57
27,"ours2.total",12.03,13.29,10.16,4.09,0.87,40.44,4.96,6.72,25.63
27,"ours3.s1",12,13.31,10.01,3.94,0.85,40.1,4.79,0,25.2
27,"ours3.s2",0,0,0,0,0,0,0,0,0
27,"ours3.total",12,13.31,10.01,3.94,0.85,40.1,4.79,6.75,25.2
27,"titeet",11.4,10,5.9,2.2,0.5,30,2.7,4.4,22.04
27,"tite12",7,6.6,5,3.4,1.7,23.7,5.1,4.5,19.69
27,"bfet",10.75,12.59,9.18,3.89,1.02,37.44,4.91,6.13,20.4
17,"ours0.s1",12.21,13.59,9.88,3.64,0.71,40.03,4.36,0,30.89
17,"ours0.s2",0,0.01,0.19,0.21,0.04,0.46,0.25,0,0.42
17,"ours0.total",12.21,13.61,10.07,3.85,0.76,40.49,4.61,6.7,31.32
17,"bf.s1",11.51,13.94,10.3,3.96,0.73,40.44,4.69,0,31.03
17,"bf.s2",0,0,0,0,0,0,0,0,0
17,"bf.total",11.51,13.94,10.3,3.96,0.73,40.44,4.69,6.84,31.03
17,"ours1.s1",12.07,13.33,10,3.8,0.74,39.94,4.54,0,24.63
17,"ours1.s2",0.01,0.02,0.21,0.28,0.08,0.6,0.36,0,0.54
17,"ours1.total",12.07,13.35,10.21,4.08,0.82,40.54,4.9,6.74,25.17
17,"ours2.s1",12.06,13.34,9.83,3.68,0.81,39.72,4.49,0,25.04
17,"ours2.s2",0,0.02,0.23,0.29,0.08,0.62,0.37,0,0.54
17,"ours2.total",12.06,13.36,10.06,3.97,0.89,40.34,4.86,6.7,25.58
17,"ours3.s1",12,13.31,10,3.94,0.84,40.09,4.78,0,25.21
17,"ours3.s2",0,0,0,0,0,0,0,0,0
17,"ours3.total",12,13.31,10,3.94,0.84,40.09,4.78,6.76,25.21
17,"titeet",11.4,10,5.9,2.2,0.5,30,2.7,4.4,22.04
17,"tite12",7,6.6,5,3.4,1.7,23.7,5.1,4.5,19.69
17,"bfet",10.75,12.59,9.18,3.89,1.02,37.44,4.91,6.13,20.4
44,"ours0.s1",5.76,7.56,9.15,12.2,8.4,43.07,-1,0,34.16
44,"ours0.s2",0,0,0.03,0.34,0.5,0.88,-1,0,0.79
44,"ours0.total",5.76,7.56,9.18,12.54,8.91,43.95,-1,4.17,34.95
44,"bf.s1",4.64,7.25,9.79,12.53,8.46,42.67,-1,0,34.16
44,"bf.s2",0,0,0,0,0,0,-1,0,0
44,"bf.total",4.64,7.25,9.79,12.53,8.46,42.67,-1,4.21,34.16
44,"ours1.s1",5.85,7.65,9.17,11.63,8.73,43.03,-1,0,27.74
44,"ours1.s2",0,0,0.06,0.46,0.42,0.93,-1,0,0.89
44,"ours1.total",5.85,7.66,9.22,12.09,9.14,43.96,-1,4.17,28.64
44,"ours2.s1",5.86,7.5,9.16,11.75,8.71,42.98,-1,0,28.18
44,"ours2.s2",0,0,0.03,0.44,0.41,0.88,-1,0,0.86
44,"ours2.total",5.86,7.5,9.19,12.2,9.12,43.86,-1,4.16,29.04
44,"ours3.s1",5.8,7.53,9.16,11.68,8.74,42.91,-1,0,28.26
44,"ours3.s2",0,0,0,0,0,0,-1,0,0
44,"ours3.total",5.8,7.53,9.16,11.68,8.74,42.91,-1,4.18,28.26
44,"titeet",3.6,4.4,5.6,9.9,6.5,30,-1,3,26.43
44,"tite12",3.6,4.2,5.1,8.4,5.9,27.2,-1,2.8,24.27
44,"bfet",4.39,6.06,7.79,11.07,8.98,38.28,-1,3.76,25.5
24,"ours0.s1",5.85,7.62,9.26,12.22,8.42,43.38,-1,0,34.16
24,"ours0.s2",0,0,0.03,0.37,0.99,1.39,-1,0,1.3
24,"ours0.total",5.85,7.62,9.29,12.59,9.41,44.77,-1,4.16,35.46
24,"bf.s1",4.64,7.25,9.79,12.53,8.46,42.67,-1,0,34.16
24,"bf.s2",0,0,0,0,0,0,-1,0,0
24,"bf.total",4.64,7.25,9.79,12.53,8.46,42.67,-1,4.21,34.16
24,"ours1.s1",5.78,7.6,9.08,11.77,8.73,42.96,-1,0,27.6
24,"ours1.s2",0,0.01,0.05,0.56,1.13,1.75,-1,0,1.53
24,"ours1.total",5.78,7.61,9.14,12.33,9.86,44.71,-1,4.19,29.13
24,"ours2.s1",5.83,7.64,9.06,11.72,8.8,43.06,-1,0,28.13
24,"ours2.s2",0,0,0.04,0.55,1.09,1.68,-1,0,1.51
24,"ours2.total",5.83,7.65,9.1,12.27,9.89,44.74,-1,4.12,29.63
24,"ours3.s1",5.8,7.52,9.18,11.76,8.73,42.99,-1,0,28.2
24,"ours3.s2",0,0,0,0,0,0,-1,0,0
24,"ours3.total",5.8,7.52,9.18,11.76,8.73,42.99,-1,4.18,28.2
24,"titeet",3.6,4.4,5.6,9.9,6.5,30,-1,3,26.43
24,"tite12",3.6,4.2,5.1,8.4,5.9,27.2,-1,2.8,24.27
24,"bfet",4.39,6.06,7.79,11.07,8.98,38.28,-1,3.76,25.5
14,"ours0.s1",5.81,7.65,9.29,12.3,8.47,43.51,-1,0,34.23
14,"ours0.s2",0,0,0.02,0.37,1,1.39,-1,0,1.28
14,"ours0.total",5.81,7.65,9.31,12.67,9.47,44.89,-1,4.19,35.51
14,"bf.s1",4.64,7.25,9.79,12.53,8.46,42.67,-1,0,34.16
14,"bf.s2",0,0,0,0,0,0,-1,0,0
14,"bf.total",4.64,7.25,9.79,12.53,8.46,42.67,-1,4.21,34.16
14,"ours1.s1",5.86,7.68,9.16,11.7,8.69,43.08,-1,0,27.6
14,"ours1.s2",0,0.01,0.06,0.57,1.04,1.68,-1,0,1.49
14,"ours1.total",5.86,7.69,9.21,12.26,9.73,44.75,-1,4.19,29.09
14,"ours2.s1",5.82,7.72,9.09,11.67,8.75,43.05,-1,0,28.2
14,"ours2.s2",0,0,0.05,0.57,1.07,1.69,-1,0,1.48
14,"ours2.total",5.82,7.72,9.13,12.24,9.82,44.74,-1,4.14,29.68
14,"ours3.s1",5.8,7.52,9.18,11.76,8.73,42.99,-1,0,28.21
14,"ours3.s2",0,0,0,0,0,0,-1,0,0
14,"ours3.total",5.8,7.52,9.18,11.76,8.73,42.99,-1,4.18,28.21
14,"titeet",3.6,4.4,5.6,9.9,6.5,30,-1,3,26.43
14,"tite12",3.6,4.2,5.1,8.4,5.9,27.2,-1,2.8,24.27
14,"bfet",4.39,6.06,7.79,11.07,8.98,38.28,-1,3.76,25.5
4,"ours0.s1",5.8,7.66,9.18,12.21,8.45,43.3,-1,0,34.16
4,"ours0.s2",0,0,0.03,0.38,0.86,1.27,-1,0,1.15
4,"ours0.total",5.8,7.66,9.21,12.59,9.31,44.57,-1,4.13,35.31
4,"bf.s1",4.64,7.25,9.79,12.53,8.46,42.67,-1,0,34.16
4,"bf.s2",0,0,0,0,0,0,-1,0,0
4,"bf.total",4.64,7.25,9.79,12.53,8.46,42.67,-1,4.21,34.16
4,"ours1.s1",5.91,7.56,9.12,11.71,8.74,43.05,-1,0,27.63
4,"ours1.s2",0,0.01,0.06,0.54,0.98,1.59,-1,0,1.4
4,"ours1.total",5.91,7.57,9.18,12.25,9.72,44.64,-1,4.18,29.03
4,"ours2.s1",5.9,7.66,9.09,11.7,8.69,43.05,-1,0,28.18
4,"ours2.s2",0,0,0.04,0.56,0.93,1.54,-1,0,1.37
4,"ours2.total",5.9,7.66,9.14,12.26,9.63,44.59,-1,4.15,29.55
4,"ours3.s1",5.8,7.51,9.18,11.76,8.73,42.98,-1,0,28.21
4,"ours3.s2",0,0,0,0,0,0,-1,0,0
4,"ours3.total",5.8,7.51,9.18,11.76,8.73,42.98,-1,4.19,28.21
4,"titeet",3.6,4.4,5.6,9.9,6.5,30,-1,3,26.43
4,"tite12",3.6,4.2,5.1,8.4,5.9,27.2,-1,2.8,24.27
4,"bfet",4.39,6.06,7.79,11.07,8.98,38.28,-1,3.76,25.5
34,"ours0.s1",5.84,7.58,9.22,12.26,8.47,43.36,-1,0,34.15
34,"ours0.s2",0,0,0.02,0.35,0.56,0.93,-1,0,0.87
34,"ours0.total",5.84,7.58,9.24,12.61,9.03,44.3,-1,4.2,35.02
34,"bf.s1",4.64,7.25,9.79,12.53,8.46,42.67,-1,0,34.16
34,"bf.s2",0,0,0,0,0,0,-1,0,0
34,"bf.total",4.64,7.25,9.79,12.53,8.46,42.67,-1,4.21,34.16
34,"ours1.s1",5.82,7.5,9.18,11.77,8.65,42.92,-1,0,27.68
34,"ours1.s2",0,0.01,0.06,0.47,0.72,1.26,-1,0,1.13
34,"ours1.total",5.82,7.5,9.24,12.25,9.37,44.18,-1,4.19,28.82
34,"ours2.s1",5.87,7.57,9.16,11.76,8.65,43.01,-1,0,28.2
34,"ours2.s2",0,0,0.06,0.49,0.68,1.25,-1,0,1.13
34,"ours2.total",5.87,7.57,9.23,12.25,9.34,44.26,-1,4.21,29.33
34,"ours3.s1",5.8,7.52,9.16,11.73,8.73,42.95,-1,0,28.22
34,"ours3.s2",0,0,0,0,0,0,-1,0,0
34,"ours3.total",5.8,7.52,9.16,11.73,8.73,42.95,-1,4.18,28.22
34,"titeet",3.6,4.4,5.6,9.9,6.5,30,-1,3,26.43
34,"tite12",3.6,4.2,5.1,8.4,5.9,27.2,-1,2.8,24.27
34,"bfet",4.39,6.06,7.79,11.07,8.98,38.28,-1,3.76,25.5
48,"ours0.s1",12,12.28,10.69,6.31,2.06,43.34,2.06,0,31.95
48,"ours0.s2",0,0.02,0.12,0.35,0.12,0.6,0.12,0,0.49
48,"ours0.total",12,12.3,10.8,6.65,2.18,43.94,2.18,6.68,32.45
48,"bf.s1",11.32,12.82,11.18,6.63,2.18,44.12,2.18,0,32.23
48,"bf.s2",0,0,0,0,0,0,0,0,0
48,"bf.total",11.32,12.82,11.18,6.63,2.18,44.12,2.18,6.79,32.23
48,"ours1.s1",11.96,12.11,10.36,6.12,2.17,42.73,2.17,0,25.58
48,"ours1.s2",0,0.03,0.19,0.26,0.07,0.55,0.07,0,0.5
48,"ours1.total",11.96,12.14,10.55,6.38,2.24,43.28,2.24,6.6,26.09
48,"ours2.s1",11.94,12.25,10.42,6.03,2.17,42.81,2.17,0,26.13
48,"ours2.s2",0,0.02,0.19,0.27,0.06,0.54,0.06,0,0.5
48,"ours2.total",11.94,12.27,10.61,6.3,2.23,43.35,2.23,6.57,26.63
48,"ours3.s1",11.84,12.21,10.53,6.28,2.37,43.22,2.37,0,26.27
48,"ours3.s2",0,0,0,0,0,0,0,0,0
48,"ours3.total",11.84,12.21,10.53,6.28,2.37,43.22,2.37,6.65,26.27
48,"titeet",12.3,8.9,5.5,2.5,0.7,29.9,0.7,4,21.97
48,"tite12",6.6,6.1,4.9,3.9,2.1,23.6,2.1,3.8,20.01
48,"bfet",10.71,11.44,9.58,5.91,2.39,40.03,2.39,5.96,21.4
23,"ours0.s1",6.24,8.43,12.76,10.23,3.58,41.24,3.58,0,33.32
23,"ours0.s2",0,0,0.14,0.67,0.36,1.18,0.36,0,1.08
23,"ours0.total",6.24,8.43,12.9,10.91,3.94,42.42,3.94,5.73,34.4
23,"bf.s1",5.1,8.12,12.81,10.54,3.5,40.08,3.5,0,33.22
23,"bf.s2",0,0,0,0,0,0,0,0,0
23,"bf.total",5.1,8.12,12.81,10.54,3.5,40.08,3.5,5.71,33.22
23,"ours1.s1",6.22,8.3,12.52,10.17,3.82,41.02,3.82,0,26.73
23,"ours1.s2",0,0.01,0.2,0.76,0.49,1.45,0.49,0,1.29
23,"ours1.total",6.22,8.3,12.71,10.92,4.3,42.47,4.3,5.78,28.01
23,"ours2.s1",6.3,8.35,12.59,10.13,3.81,41.18,3.81,0,27.24
23,"ours2.s2",0,0.01,0.18,0.79,0.44,1.42,0.44,0,1.25
23,"ours2.total",6.3,8.36,12.77,10.91,4.26,42.6,4.26,5.73,28.5
23,"ours3.s1",6.19,8.25,12.59,10.23,3.8,41.06,3.8,0,27.27
23,"ours3.s2",0,0,0,0,0,0,0,0,0
23,"ours3.total",6.19,8.25,12.59,10.23,3.8,41.06,3.8,5.71,27.27
23,"titeet",4.1,5.5,10.9,6.9,2.5,29.9,2.5,4.1,24.85
23,"tite12",3.9,4.5,7.8,6.6,3.7,26.5,3.7,4.1,23.21
23,"bfet",4.76,6.54,11.42,10.05,4.01,36.78,4.01,5.32,23.9
43,"ours0.s1",6.29,8.39,12.79,10.39,3.59,41.44,3.59,0,33.38
43,"ours0.s2",0,0,0.16,0.5,0.21,0.88,0.21,0,0.78
43,"ours0.total",6.29,8.39,12.95,10.89,3.8,42.32,3.8,5.76,34.16
43,"bf.s1",5.1,8.12,12.81,10.54,3.5,40.08,3.5,0,33.22
43,"bf.s2",0,0,0,0,0,0,0,0,0
43,"bf.total",5.1,8.12,12.81,10.54,3.5,40.08,3.5,5.71,33.22
43,"ours1.s1",6.27,8.34,12.43,10.12,3.89,41.05,3.89,0,26.77
43,"ours1.s2",0,0.01,0.19,0.54,0.22,0.96,0.22,0,0.9
43,"ours1.total",6.27,8.35,12.62,10.66,4.12,42.02,4.12,5.71,27.67
43,"ours2.s1",6.2,8.35,12.47,10,3.83,40.85,3.83,0,27.28
43,"ours2.s2",0,0.01,0.18,0.54,0.15,0.87,0.15,0,0.82
43,"ours2.total",6.2,8.36,12.65,10.54,3.98,41.73,3.98,5.71,28.1
43,"ours3.s1",6.19,8.26,12.53,10.17,3.85,41,3.85,0,27.33
43,"ours3.s2",0,0,0,0,0,0,0,0,0
43,"ours3.total",6.19,8.26,12.53,10.17,3.85,41,3.85,5.7,27.33
43,"titeet",4.1,5.5,10.9,6.9,2.5,29.9,2.5,4.1,24.85
43,"tite12",3.9,4.5,7.8,6.6,3.7,26.5,3.7,4.1,23.21
43,"bfet",4.76,6.54,11.42,10.05,4.01,36.78,4.01,5.32,23.9
13,"ours0.s1",6.27,8.41,12.78,10.22,3.52,41.19,3.52,0,33.32
13,"ours0.s2",0,0,0.16,0.66,0.37,1.19,0.37,0,1.08
13,"ours0.total",6.27,8.41,12.94,10.87,3.89,42.38,3.89,5.74,34.41
13,"bf.s1",5.1,8.12,12.81,10.54,3.5,40.08,3.5,0,33.22
13,"bf.s2",0,0,0,0,0,0,0,0,0
13,"bf.total",5.1,8.12,12.81,10.54,3.5,40.08,3.5,5.71,33.22
13,"ours1.s1",6.32,8.36,12.53,10.09,3.81,41.12,3.81,0,26.63
13,"ours1.s2",0,0.01,0.22,0.81,0.5,1.54,0.5,0,1.33
13,"ours1.total",6.32,8.38,12.75,10.9,4.3,42.65,4.3,5.7,27.96
13,"ours2.s1",6.31,8.38,12.59,10.16,3.78,41.22,3.78,0,27.34
13,"ours2.s2",0,0.01,0.19,0.81,0.45,1.46,0.45,0,1.25
13,"ours2.total",6.31,8.39,12.78,10.97,4.24,42.68,4.24,5.71,28.59
13,"ours3.s1",6.19,8.25,12.58,10.23,3.81,41.06,3.81,0,27.28
13,"ours3.s2",0,0,0,0,0,0,0,0,0
13,"ours3.total",6.19,8.25,12.58,10.23,3.81,41.06,3.81,5.71,27.28
13,"titeet",4.1,5.5,10.9,6.9,2.5,29.9,2.5,4.1,24.85
13,"tite12",3.9,4.5,7.8,6.6,3.7,26.5,3.7,4.1,23.21
13,"bfet",4.76,6.54,11.42,10.05,4.01,36.78,4.01,5.32,23.9
9,"ours0.s1",8.5,12.67,12.51,7.95,2.76,44.38,2.76,0,32.8
9,"ours0.s2",0,0,0.12,0.4,0.22,0.74,0.22,0,0.65
9,"ours0.total",8.5,12.67,12.63,8.35,2.97,45.12,2.97,6.09,33.44
9,"bf.s1",7.31,12.53,12.99,8.11,2.65,43.59,2.65,0,32.71
9,"bf.s2",0,0,0,0,0,0,0,0,0
9,"bf.total",7.31,12.53,12.99,8.11,2.65,43.59,2.65,6.13,32.71
9,"ours1.s1",8.57,12.42,12.43,7.73,2.78,43.93,2.78,0,26.24
9,"ours1.s2",0,0.02,0.16,0.53,0.28,1,0.28,0,0.86
9,"ours1.total",8.58,12.45,12.59,8.26,3.06,44.93,3.06,6.1,27.09
9,"ours2.s1",8.47,12.41,12.45,7.77,2.75,43.85,2.75,0,26.7
9,"ours2.s2",0,0.01,0.15,0.56,0.28,1,0.28,0,0.85
9,"ours2.total",8.47,12.42,12.59,8.33,3.03,44.85,3.03,6.06,27.55
9,"ours3.s1",8.44,12.37,12.49,7.77,2.77,43.83,2.77,0,26.65
9,"ours3.s2",0,0,0,0,0,0,0,0,0
9,"ours3.total",8.44,12.37,12.49,7.77,2.77,43.83,2.77,6.06,26.65
9,"titeet",4.6,10.9,8.6,4.4,1.5,30,1.5,4,23.79
9,"tite12",4.2,7,6.3,5.1,2.8,25.4,2.8,3.9,21.93
9,"bfet",6.66,11.42,11.88,7.44,3.03,40.43,3.03,5.61,22.8
29,"ours0.s1",8.47,12.67,12.5,7.92,2.7,44.26,2.7,0,32.75
29,"ours0.s2",0,0,0.14,0.4,0.23,0.77,0.23,0,0.7
29,"ours0.total",8.47,12.67,12.63,8.32,2.93,45.03,2.93,6.09,33.45
29,"bf.s1",7.31,12.53,12.99,8.11,2.65,43.59,2.65,0,32.71
29,"bf.s2",0,0,0,0,0,0,0,0,0
29,"bf.total",7.31,12.53,12.99,8.11,2.65,43.59,2.65,6.13,32.71
29,"ours1.s1",8.52,12.33,12.43,7.77,2.83,43.87,2.83,0,26.16
29,"ours1.s2",0,0.03,0.18,0.58,0.37,1.17,0.37,0,1.02
29,"ours1.total",8.52,12.35,12.61,8.36,3.2,45.04,3.2,6.12,27.18
29,"ours2.s1",8.44,12.33,12.5,7.73,2.74,43.74,2.74,0,26.68
29,"ours2.s2",0,0.01,0.17,0.63,0.33,1.13,0.33,0,0.99
29,"ours2.total",8.44,12.34,12.67,8.36,3.07,44.88,3.07,6.1,27.67
29,"ours3.s1",8.44,12.36,12.52,7.76,2.77,43.85,2.77,0,26.65
29,"ours3.s2",0,0,0,0,0,0,0,0,0
29,"ours3.total",8.44,12.36,12.52,7.76,2.77,43.85,2.77,6.07,26.65
29,"titeet",4.6,10.9,8.6,4.4,1.5,30,1.5,4,23.79
29,"tite12",4.2,7,6.3,5.1,2.8,25.4,2.8,3.9,21.93
29,"bfet",6.66,11.42,11.88,7.44,3.03,40.43,3.03,5.61,22.8
19,"ours0.s1",8.53,12.62,12.5,7.78,2.56,44,2.56,0,32.71
19,"ours0.s2",0,0,0.16,0.41,0.25,0.82,0.25,0,0.74
19,"ours0.total",8.53,12.63,12.66,8.2,2.81,44.83,2.81,6.05,33.46
19,"bf.s1",7.31,12.53,12.99,8.11,2.65,43.59,2.65,0,32.71
19,"bf.s2",0,0,0,0,0,0,0,0,0
19,"bf.total",7.31,12.53,12.99,8.11,2.65,43.59,2.65,6.13,32.71
19,"ours1.s1",8.46,12.32,12.41,7.84,2.85,43.89,2.85,0,26.21
19,"ours1.s2",0,0.03,0.18,0.52,0.34,1.06,0.34,0,0.92
19,"ours1.total",8.47,12.34,12.58,8.36,3.19,44.95,3.19,6.14,27.13
19,"ours2.s1",8.48,12.35,12.46,7.73,2.8,43.82,2.8,0,26.68
19,"ours2.s2",0,0.01,0.17,0.56,0.32,1.05,0.32,0,0.91
19,"ours2.total",8.48,12.36,12.63,8.28,3.11,44.87,3.11,6.09,27.59
19,"ours3.s1",8.44,12.36,12.51,7.77,2.76,43.83,2.76,0,26.64
19,"ours3.s2",0,0,0,0,0,0,0,0,0
19,"ours3.total",8.44,12.36,12.51,7.77,2.76,43.83,2.76,6.06,26.64
19,"titeet",4.6,10.9,8.6,4.4,1.5,30,1.5,4,23.79
19,"tite12",4.2,7,6.3,5.1,2.8,25.4,2.8,3.9,21.93
19,"bfet",6.66,11.42,11.88,7.44,3.03,40.43,3.03,5.61,22.8
33,"ours0.s1",6.25,8.36,12.78,10.32,3.46,41.17,3.46,0,33.37
33,"ours0.s2",0,0,0.15,0.52,0.25,0.92,0.25,0,0.84
33,"ours0.total",6.25,8.36,12.93,10.84,3.71,42.09,3.71,5.7,34.21
33,"bf.s1",5.1,8.12,12.81,10.54,3.5,40.08,3.5,0,33.22
33,"bf.s2",0,0,0,0,0,0,0,0,0
33,"bf.total",5.1,8.12,12.81,10.54,3.5,40.08,3.5,5.71,33.22
33,"ours1.s1",6.27,8.43,12.52,10.04,3.79,41.06,3.79,0,26.74
33,"ours1.s2",0,0.01,0.21,0.7,0.28,1.2,0.28,0,1.06
33,"ours1.total",6.27,8.44,12.73,10.75,4.07,42.26,4.07,5.74,27.8
33,"ours2.s1",6.25,8.39,12.46,10,3.8,40.89,3.8,0,27.16
33,"ours2.s2",0,0.01,0.21,0.71,0.33,1.26,0.33,0,1.12
33,"ours2.total",6.25,8.4,12.68,10.7,4.13,42.16,4.13,5.7,28.28
33,"ours3.s1",6.19,8.25,12.56,10.22,3.83,41.04,3.83,0,27.31
33,"ours3.s2",0,0,0,0,0,0,0,0,0
33,"ours3.total",6.19,8.25,12.56,10.22,3.83,41.04,3.83,5.71,27.31
33,"titeet",4.1,5.5,10.9,6.9,2.5,29.9,2.5,4.1,24.85
33,"tite12",3.9,4.5,7.8,6.6,3.7,26.5,3.7,4.1,23.21
33,"bfet",4.76,6.54,11.42,10.05,4.01,36.78,4.01,5.32,23.9
28,"ours0.s1",12,12.28,10.6,6.2,2.06,43.13,2.06,0,31.9
28,"ours0.s2",0,0.01,0.19,0.37,0.2,0.76,0.2,0,0.69
28,"ours0.total",12,12.28,10.79,6.57,2.26,43.89,2.26,6.65,32.59
28,"bf.s1",11.32,12.82,11.18,6.63,2.18,44.12,2.18,0,32.23
28,"bf.s2",0,0,0,0,0,0,0,0,0
28,"bf.total",11.32,12.82,11.18,6.63,2.18,44.12,2.18,6.79,32.23
28,"ours1.s1",11.94,12.05,10.39,6.33,2.29,43,2.29,0,25.76
28,"ours1.s2",0,0.03,0.28,0.6,0.29,1.21,0.29,0,1.04
28,"ours1.total",11.94,12.08,10.67,6.93,2.58,44.2,2.58,6.64,26.8
28,"ours2.s1",11.87,12.16,10.5,6.26,2.18,42.98,2.18,0,26.14
28,"ours2.s2",0,0.02,0.29,0.6,0.3,1.22,0.3,0,1.02
28,"ours2.total",11.88,12.18,10.79,6.86,2.48,44.19,2.48,6.59,27.16
28,"ours3.s1",11.84,12.23,10.57,6.3,2.33,43.27,2.33,0,26.22
28,"ours3.s2",0,0,0,0,0,0,0,0,0
28,"ours3.total",11.84,12.23,10.57,6.3,2.33,43.27,2.33,6.65,26.22
28,"titeet",12.3,8.9,5.5,2.5,0.7,29.9,0.7,4,21.97
28,"tite12",6.6,6.1,4.9,3.9,2.1,23.6,2.1,3.8,20.01
28,"bfet",10.71,11.44,9.58,5.91,2.39,40.03,2.39,5.96,21.4
3,"ours0.s1",6.35,8.43,12.73,10.29,3.56,41.35,3.56,0,33.36
3,"ours0.s2",0,0,0.14,0.62,0.3,1.06,0.3,0,0.94
3,"ours0.total",6.35,8.43,12.87,10.9,3.87,42.42,3.87,5.73,34.3
3,"bf.s1",5.1,8.12,12.81,10.54,3.5,40.08,3.5,0,33.22
3,"bf.s2",0,0,0,0,0,0,0,0,0
3,"bf.total",5.1,8.12,12.81,10.54,3.5,40.08,3.5,5.71,33.22
3,"ours1.s1",6.26,8.31,12.49,10.14,3.87,41.07,3.87,0,26.76
3,"ours1.s2",0,0.01,0.22,0.8,0.5,1.53,0.5,0,1.31
3,"ours1.total",6.27,8.32,12.71,10.94,4.37,42.61,4.37,5.75,28.07
3,"ours2.s1",6.28,8.37,12.65,10.09,3.78,41.17,3.78,0,27.34
3,"ours2.s2",0,0.01,0.2,0.87,0.4,1.49,0.4,0,1.27
3,"ours2.total",6.28,8.37,12.85,10.97,4.18,42.65,4.18,5.73,28.61
3,"ours3.s1",6.19,8.25,12.58,10.23,3.82,41.05,3.82,0,27.29
3,"ours3.s2",0,0,0,0,0,0,0,0,0
3,"ours3.total",6.19,8.25,12.58,10.23,3.82,41.05,3.82,5.71,27.29
3,"titeet",4.1,5.5,10.9,6.9,2.5,29.9,2.5,4.1,24.85
3,"tite12",3.9,4.5,7.8,6.6,3.7,26.5,3.7,4.1,23.21
3,"bfet",4.76,6.54,11.42,10.05,4.01,36.78,4.01,5.32,23.9
49,"ours0.s1",8.54,12.62,12.51,7.86,2.64,44.17,2.64,0,32.75
49,"ours0.s2",0,0,0.1,0.31,0.16,0.57,0.16,0,0.47
49,"ours0.total",8.54,12.62,12.61,8.16,2.8,44.74,2.8,6.07,33.22
49,"bf.s1",7.31,12.53,12.99,8.11,2.65,43.59,2.65,0,32.71
49,"bf.s2",0,0,0,0,0,0,0,0,0
49,"bf.total",7.31,12.53,12.99,8.11,2.65,43.59,2.65,6.13,32.71
49,"ours1.s1",8.48,12.37,12.38,7.72,2.84,43.79,2.84,0,26.32
49,"ours1.s2",0,0.01,0.11,0.24,0.1,0.46,0.1,0,0.44
49,"ours1.total",8.48,12.38,12.49,7.96,2.94,44.25,2.94,6.07,26.76
49,"ours2.s1",8.41,12.3,12.33,7.74,2.82,43.6,2.82,0,26.72
49,"ours2.s2",0,0.01,0.11,0.27,0.08,0.47,0.08,0,0.43
49,"ours2.total",8.41,12.31,12.44,8,2.9,44.06,2.9,6.03,27.15
49,"ours3.s1",8.45,12.31,12.41,7.72,2.83,43.71,2.83,0,26.68
49,"ours3.s2",0,0,0,0,0,0,0,0,0
49,"ours3.total",8.45,12.31,12.41,7.72,2.83,43.71,2.83,6.02,26.68
49,"titeet",4.6,10.9,8.6,4.4,1.5,30,1.5,4,23.79
49,"tite12",4.2,7,6.3,5.1,2.8,25.4,2.8,3.9,21.93
49,"bfet",6.66,11.42,11.88,7.44,3.03,40.43,3.03,5.61,22.8
39,"ours0.s1",8.4,12.62,12.62,7.86,2.68,44.18,2.68,0,32.81
39,"ours0.s2",0,0,0.09,0.32,0.15,0.58,0.15,0,0.5
39,"ours0.total",8.4,12.62,12.71,8.18,2.83,44.75,2.83,6.08,33.3
39,"bf.s1",7.31,12.53,12.99,8.11,2.65,43.59,2.65,0,32.71
39,"bf.s2",0,0,0,0,0,0,0,0,0
39,"bf.total",7.31,12.53,12.99,8.11,2.65,43.59,2.65,6.13,32.71
39,"ours1.s1",8.47,12.34,12.4,7.73,2.84,43.79,2.84,0,26.22
39,"ours1.s2",0,0.02,0.14,0.44,0.17,0.78,0.17,0,0.68
39,"ours1.total",8.47,12.37,12.54,8.17,3.01,44.56,3.01,6.06,26.9
39,"ours2.s1",8.45,12.36,12.45,7.68,2.77,43.7,2.77,0,26.72
39,"ours2.s2",0,0.02,0.13,0.43,0.19,0.78,0.19,0,0.68
39,"ours2.total",8.45,12.38,12.58,8.11,2.96,44.48,2.96,6.02,27.4
39,"ours3.s1",8.44,12.35,12.45,7.74,2.79,43.77,2.79,0,26.65
39,"ours3.s2",0,0,0,0,0,0,0,0,0
39,"ours3.total",8.44,12.35,12.45,7.74,2.79,43.77,2.79,6.03,26.65
39,"titeet",4.6,10.9,8.6,4.4,1.5,30,1.5,4,23.79
39,"tite12",4.2,7,6.3,5.1,2.8,25.4,2.8,3.9,21.93
39,"bfet",6.66,11.42,11.88,7.44,3.03,40.43,3.03,5.61,22.8
38,"ours0.s1",12.01,12.25,10.68,6.27,2.1,43.31,2.1,0,31.98
38,"ours0.s2",0,0.01,0.14,0.32,0.12,0.6,0.12,0,0.5
38,"ours0.total",12.01,12.26,10.83,6.59,2.22,43.91,2.22,6.66,32.49
38,"bf.s1",11.32,12.82,11.18,6.63,2.18,44.12,2.18,0,32.23
38,"bf.s2",0,0,0,0,0,0,0,0,0
38,"bf.total",11.32,12.82,11.18,6.63,2.18,44.12,2.18,6.79,32.23
38,"ours1.s1",11.95,12.2,10.45,6.15,2.14,42.89,2.14,0,25.65
38,"ours1.s2",0.01,0.03,0.25,0.37,0.12,0.79,0.12,0,0.71
38,"ours1.total",11.96,12.23,10.7,6.52,2.27,43.68,2.27,6.64,26.36
38,"ours2.s1",11.84,12.19,10.62,6.3,2.27,43.22,2.27,0,26.29
38,"ours2.s2",0,0.03,0.24,0.45,0.13,0.84,0.13,0,0.73
38,"ours2.total",11.84,12.21,10.86,6.75,2.4,44.06,2.4,6.65,27.02
38,"ours3.s1",11.84,12.22,10.56,6.3,2.35,43.26,2.35,0,26.24
38,"ours3.s2",0,0,0,0,0,0,0,0,0
38,"ours3.total",11.84,12.22,10.56,6.3,2.35,43.26,2.35,6.66,26.24
38,"titeet",12.3,8.9,5.5,2.5,0.7,29.9,0.7,4,21.97
38,"tite12",6.6,6.1,4.9,3.9,2.1,23.6,2.1,3.8,20.01
38,"bfet",10.71,11.44,9.58,5.91,2.39,40.03,2.39,5.96,21.4
18,"ours0.s1",12.01,12.25,10.5,6.22,2.07,43.04,2.07,0,31.81
18,"ours0.s2",0,0.01,0.18,0.4,0.18,0.78,0.18,0,0.7
18,"ours0.total",12.01,12.26,10.68,6.62,2.26,43.82,2.26,6.64,32.5
18,"bf.s1",11.32,12.82,11.18,6.63,2.18,44.12,2.18,0,32.23
18,"bf.s2",0,0,0,0,0,0,0,0,0
18,"bf.total",11.32,12.82,11.18,6.63,2.18,44.12,2.18,6.79,32.23
18,"ours1.s1",11.95,12.17,10.48,6.23,2.3,43.13,2.3,0,25.7
18,"ours1.s2",0,0.02,0.28,0.57,0.26,1.14,0.26,0,0.97
18,"ours1.total",11.95,12.2,10.76,6.8,2.56,44.27,2.56,6.66,26.67
18,"ours2.s1",11.88,12.13,10.61,6.23,2.24,43.11,2.24,0,26.13
18,"ours2.s2",0,0.02,0.29,0.47,0.25,1.03,0.25,0,0.89
18,"ours2.total",11.89,12.15,10.9,6.7,2.49,44.13,2.49,6.67,27.02
18,"ours3.s1",11.83,12.23,10.57,6.29,2.31,43.24,2.31,0,26.21
18,"ours3.s2",0,0,0,0,0,0,0,0,0
18,"ours3.total",11.83,12.23,10.57,6.29,2.31,43.24,2.31,6.66,26.21
18,"titeet",12.3,8.9,5.5,2.5,0.7,29.9,0.7,4,21.97
18,"tite12",6.6,6.1,4.9,3.9,2.1,23.6,2.1,3.8,20.01
18,"bfet",10.71,11.44,9.58,5.91,2.39,40.03,2.39,5.96,21.4
40,"ours0.s1",8.94,12.19,11.67,8.53,4.46,45.8,-1,0,33.44
40,"ours0.s2",0,0.01,0.13,0.46,0.33,0.92,-1,0,0.77
40,"ours0.total",8.94,12.2,11.8,8.99,4.79,46.72,-1,5.79,34.21
40,"bf.s1",7.88,12.2,12.07,8.93,4.43,45.5,-1,0,33.42
40,"bf.s2",0,0,0,0,0,0,-1,0,0
40,"bf.total",7.88,12.2,12.07,8.93,4.43,45.5,-1,5.88,33.42
40,"ours1.s1",8.93,12.06,11.44,8.36,4.55,45.33,-1,0,26.96
40,"ours1.s2",0.01,0.02,0.21,0.63,0.37,1.23,-1,0,1.02
40,"ours1.total",8.93,12.07,11.65,8.99,4.92,46.57,-1,5.79,27.98
40,"ours2.s1",8.94,12.06,11.44,8.29,4.39,45.13,-1,0,27.37
40,"ours2.s2",0,0.02,0.2,0.56,0.4,1.18,-1,0,0.99
40,"ours2.total",8.94,12.08,11.64,8.86,4.79,46.31,-1,5.76,28.36
40,"ours3.s1",8.86,12.07,11.49,8.41,4.55,45.38,-1,0,27.36
40,"ours3.s2",0,0,0,0,0,0,-1,0,0
40,"ours3.total",8.86,12.07,11.49,8.41,4.55,45.38,-1,5.75,27.36
40,"titeet",5.2,11.4,7.4,4.1,1.9,30,-1,3.5,23.67
40,"tite12",4.1,6.7,6,5.2,3.4,25.4,-1,3.4,22.06
40,"bfet",7.09,10.99,10.76,7.89,4.59,41.32,-1,5.17,23.1
30,"ours0.s1",8.9,12.19,11.57,8.44,4.35,45.45,-1,0,33.42
30,"ours0.s2",0,0,0.17,0.54,0.44,1.15,-1,0,1.02
30,"ours0.total",8.9,12.2,11.75,8.98,4.79,46.61,-1,5.78,34.44
30,"bf.s1",7.88,12.2,12.07,8.93,4.43,45.5,-1,0,33.42
30,"bf.s2",0,0,0,0,0,0,-1,0,0
30,"bf.total",7.88,12.2,12.07,8.93,4.43,45.5,-1,5.88,33.42
30,"ours1.s1",8.88,12.07,11.5,8.43,4.56,45.44,-1,0,26.99
30,"ours1.s2",0,0.02,0.25,0.74,0.65,1.66,-1,0,1.39
30,"ours1.total",8.88,12.09,11.75,9.17,5.21,47.1,-1,5.81,28.38
30,"ours2.s1",8.99,12.1,11.43,8.37,4.68,45.56,-1,0,27.4
30,"ours2.s2",0,0.01,0.22,0.75,0.72,1.7,-1,0,1.41
30,"ours2.total",8.99,12.11,11.65,9.12,5.4,47.26,-1,5.73,28.81
30,"ours3.s1",8.86,12.09,11.53,8.41,4.53,45.43,-1,0,27.34
30,"ours3.s2",0,0,0,0,0,0,-1,0,0
30,"ours3.total",8.86,12.09,11.53,8.41,4.53,45.43,-1,5.77,27.34
30,"titeet",5.2,11.4,7.4,4.1,1.9,30,-1,3.5,23.67
30,"tite12",4.1,6.7,6,5.2,3.4,25.4,-1,3.4,22.06
30,"bfet",7.09,10.99,10.76,7.89,4.59,41.32,-1,5.17,23.1
20,"ours0.s1",8.91,12.16,11.64,8.55,4.4,45.66,-1,0,33.41
20,"ours0.s2",0,0,0.17,0.5,0.47,1.14,-1,0,0.98
20,"ours0.total",8.91,12.16,11.81,9.05,4.87,46.8,-1,5.75,34.38
20,"bf.s1",7.88,12.2,12.07,8.93,4.43,45.5,-1,0,33.42
20,"bf.s2",0,0,0,0,0,0,-1,0,0
20,"bf.total",7.88,12.2,12.07,8.93,4.43,45.5,-1,5.88,33.42
20,"ours1.s1",8.86,12.07,11.4,8.32,4.62,45.26,-1,0,26.84
20,"ours1.s2",0,0.02,0.19,0.73,0.63,1.58,-1,0,1.32
20,"ours1.total",8.86,12.09,11.59,9.05,5.25,46.84,-1,5.75,28.16
20,"ours2.s1",8.88,12.04,11.37,8.24,4.48,45,-1,0,27.22
20,"ours2.s2",0,0.02,0.21,0.71,0.65,1.59,-1,0,1.28
20,"ours2.total",8.88,12.05,11.58,8.95,5.13,46.59,-1,5.75,28.5
20,"ours3.s1",8.86,12.08,11.52,8.42,4.53,45.42,-1,0,27.34
20,"ours3.s2",0,0,0,0,0,0,-1,0,0
20,"ours3.total",8.86,12.08,11.52,8.42,4.53,45.42,-1,5.76,27.34
20,"titeet",5.2,11.4,7.4,4.1,1.9,30,-1,3.5,23.67
20,"tite12",4.1,6.7,6,5.2,3.4,25.4,-1,3.4,22.06
20,"bfet",7.09,10.99,10.76,7.89,4.59,41.32,-1,5.17,23.1
50,"ours0.s1",9.02,12.21,11.64,8.53,4.34,45.74,-1,0,33.51
50,"ours0.s2",0,0.01,0.14,0.48,0.35,0.97,-1,0,0.76
50,"ours0.total",9.02,12.22,11.78,9.01,4.69,46.71,-1,5.76,34.28
50,"bf.s1",7.88,12.2,12.07,8.93,4.43,45.5,-1,0,33.42
50,"bf.s2",0,0,0,0,0,0,-1,0,0
50,"bf.total",7.88,12.2,12.07,8.93,4.43,45.5,-1,5.88,33.42
50,"ours1.s1",8.98,11.97,11.42,8.35,4.53,45.24,-1,0,26.93
50,"ours1.s2",0,0.02,0.16,0.42,0.22,0.82,-1,0,0.72
50,"ours1.total",8.98,11.98,11.57,8.78,4.75,46.06,-1,5.78,27.65
50,"ours2.s1",8.94,11.97,11.47,8.18,4.41,44.97,-1,0,27.32
50,"ours2.s2",0,0.01,0.18,0.45,0.19,0.83,-1,0,0.74
50,"ours2.total",8.94,11.98,11.65,8.63,4.6,45.8,-1,5.7,28.06
50,"ours3.s1",8.87,12.06,11.46,8.39,4.55,45.33,-1,0,27.37
50,"ours3.s2",0,0,0,0,0,0,-1,0,0
50,"ours3.total",8.87,12.06,11.46,8.39,4.55,45.33,-1,5.76,27.37
50,"titeet",5.2,11.4,7.4,4.1,1.9,30,-1,3.5,23.67
50,"tite12",4.1,6.7,6,5.2,3.4,25.4,-1,3.4,22.06
50,"bfet",7.09,10.99,10.76,7.89,4.59,41.32,-1,5.17,23.1
8,"ours0.s1",11.95,12.33,10.67,6.27,2.13,43.35,2.13,0,32.05
8,"ours0.s2",0,0.01,0.18,0.39,0.17,0.75,0.17,0,0.67
8,"ours0.total",11.95,12.34,10.86,6.65,2.3,44.11,2.3,6.63,32.72
8,"bf.s1",11.32,12.82,11.18,6.63,2.18,44.12,2.18,0,32.23
8,"bf.s2",0,0,0,0,0,0,0,0,0
8,"bf.total",11.32,12.82,11.18,6.63,2.18,44.12,2.18,6.79,32.23
8,"ours1.s1",11.89,12.15,10.54,6.31,2.18,43.06,2.18,0,25.74
8,"ours1.s2",0.01,0.03,0.27,0.53,0.24,1.07,0.24,0,0.88
8,"ours1.total",11.89,12.18,10.81,6.84,2.42,44.13,2.42,6.62,26.62
8,"ours2.s1",11.93,12.19,10.58,6.38,2.24,43.31,2.24,0,26.24
8,"ours2.s2",0,0.03,0.27,0.48,0.21,0.99,0.21,0,0.85
8,"ours2.total",11.93,12.22,10.85,6.86,2.45,44.31,2.45,6.64,27.09
8,"ours3.s1",11.83,12.23,10.59,6.29,2.33,43.27,2.33,0,26.22
8,"ours3.s2",0,0,0,0,0,0,0,0,0
8,"ours3.total",11.83,12.23,10.59,6.29,2.33,43.27,2.33,6.66,26.22
8,"titeet",12.3,8.9,5.5,2.5,0.7,29.9,0.7,4,21.97
8,"tite12",6.6,6.1,4.9,3.9,2.1,23.6,2.1,3.8,20.01
8,"bfet",10.71,11.44,9.58,5.91,2.39,40.03,2.39,5.96,21.4
10,"ours0.s1",8.95,12.14,11.62,8.56,4.43,45.7,-1,0,33.43
10,"ours0.s2",0,0.01,0.15,0.49,0.41,1.06,-1,0,0.93
10,"ours0.total",8.95,12.15,11.77,9.05,4.84,46.76,-1,5.78,34.37
10,"bf.s1",7.88,12.2,12.07,8.93,4.43,45.5,-1,0,33.42
10,"bf.s2",0,0,0,0,0,0,-1,0,0
10,"bf.total",7.88,12.2,12.07,8.93,4.43,45.5,-1,5.88,33.42
10,"ours1.s1",8.96,12.09,11.47,8.27,4.48,45.27,-1,0,26.87
10,"ours1.s2",0,0.02,0.2,0.72,0.55,1.49,-1,0,1.25
10,"ours1.total",8.96,12.1,11.67,8.99,5.03,46.76,-1,5.76,28.12
10,"ours2.s1",8.96,12.09,11.45,8.26,4.52,45.28,-1,0,27.4
10,"ours2.s2",0,0.01,0.21,0.71,0.56,1.49,-1,0,1.24
10,"ours2.total",8.96,12.1,11.66,8.97,5.08,46.77,-1,5.74,28.65
10,"ours3.s1",8.86,12.08,11.52,8.42,4.53,45.42,-1,0,27.35
10,"ours3.s2",0,0,0,0,0,0,-1,0,0
10,"ours3.total",8.86,12.08,11.52,8.42,4.53,45.42,-1,5.76,27.35
10,"titeet",5.2,11.4,7.4,4.1,1.9,30,-1,3.5,23.67
10,"tite12",4.1,6.7,6,5.2,3.4,25.4,-1,3.4,22.06
10,"bfet",7.09,10.99,10.76,7.89,4.59,41.32,-1,5.17,23.1
