"setting.idx","method","Dose 1","Dose 2","Dose 3","Dose 4","Dose 5","early.stop"
41,"MTD.ours0",35.94,46.32,14,2.18,0.32,1.24
41,"OBD.ours0",81.5,14.54,1.72,0.2,0.06,
41,"MTD.bf",35.82,46.38,14.04,2.12,0.32,1.32
41,"OBD.bf",84.66,11.3,1.82,0.48,0.1,
41,"MTD.ours1",35.52,44.66,14.58,3.14,0.62,1.48
41,"OBD.ours1",80.66,15.36,1.78,0.28,0.02,
41,"MTD.ours2",35.38,46.26,14.48,2.48,0.36,1.04
41,"OBD.ours2",82.08,14.52,1.74,0.16,0,
41,"MTD.ours3",35.32,47.3,12.78,3,0.36,1.24
41,"OBD.ours3",80.7,14.76,1.92,0.7,0,
41,"MTD.titeet",35.7,45.8,14.4,3,0.4,1.3
41,"OBD.titeet",61.2,25.3,9.2,2.4,0.5,
41,"MTD.tite12",14.4,39.5,27.3,11.1,4.5,3.08
41,"OBD.tite12",57,25.8,10,3.3,0.8,
41,"MTD.bfet",,,,,,1.7
41,"OBD.bfet",72,21.3,4.2,0.6,0,
21,"MTD.ours0",37.5,45.82,13.06,2.16,0.2,1.26
21,"OBD.ours0",64.96,28,4.5,0.6,0.04,
21,"MTD.bf",35.82,46.38,14.04,2.12,0.32,1.32
21,"OBD.bf",63.68,27.82,6.02,0.72,0.12,
21,"MTD.ours1",35.86,45.28,14.3,2.9,0.3,1.36
21,"OBD.ours1",64.14,27.28,5.86,0.76,0.08,
21,"MTD.ours2",35.54,46.24,14.4,2.36,0.36,1.1
21,"OBD.ours2",64.28,27.76,5.56,0.64,0.08,
21,"MTD.ours3",35.02,47.44,12.88,3.02,0.42,1.22
21,"OBD.ours3",63.66,27.4,5.6,1.28,0.16,
21,"MTD.titeet",35.7,45.8,14.4,3,0.4,1.3
21,"OBD.titeet",61.2,25.3,9.2,2.4,0.5,
21,"MTD.tite12",14.4,39.5,27.3,11.1,4.5,3.08
21,"OBD.tite12",57,25.8,10,3.3,0.8,
21,"MTD.bfet",,,,,,1.7
21,"OBD.bfet",72,21.3,4.2,0.6,0,
31,"MTD.ours0",36.42,45.94,13.78,2.16,0.4,1.3
31,"OBD.ours0",78.54,16.62,2.44,0.3,0.06,
31,"MTD.bf",35.82,46.38,14.04,2.12,0.32,1.32
31,"OBD.bf",79.02,15.86,2.88,0.5,0.1,
31,"MTD.ours1",35.72,45.18,14.58,2.76,0.44,1.32
31,"OBD.ours1",77.8,17.8,2.32,0.3,0.02,
31,"MTD.ours2",35.92,45.64,14.18,2.5,0.58,1.18
31,"OBD.ours2",78.56,16.92,2.28,0.5,0.04,
31,"MTD.ours3",35.14,47.18,13,3.06,0.38,1.24
31,"OBD.ours3",77.64,16.66,2.8,0.9,0.08,
31,"MTD.titeet",35.7,45.8,14.4,3,0.4,1.3
31,"OBD.titeet",61.2,25.3,9.2,2.4,0.5,
31,"MTD.tite12",14.4,39.5,27.3,11.1,4.5,3.08
31,"OBD.tite12",57,25.8,10,3.3,0.8,
31,"MTD.bfet",,,,,,1.7
31,"OBD.bfet",72,21.3,4.2,0.6,0,
11,"MTD.ours0",37.9,45.32,13.24,1.96,0.26,1.32
11,"OBD.ours0",67.84,25.64,4.04,0.52,0.04,
11,"MTD.bf",35.82,46.38,14.04,2.12,0.32,1.32
11,"OBD.bf",66.1,25.92,5.54,0.66,0.14,
11,"MTD.ours1",36.3,45.06,14.44,2.7,0.3,1.2
11,"OBD.ours1",67.34,25.02,5.08,0.76,0.1,
11,"MTD.ours2",35.74,45.9,14.44,2.38,0.44,1.1
11,"OBD.ours2",67.28,25.6,4.7,0.56,0.14,
11,"MTD.ours3",35.06,47.4,13,2.88,0.44,1.22
11,"OBD.ours3",66.4,25.26,5.08,1.18,0.18,
11,"MTD.titeet",35.7,45.8,14.4,3,0.4,1.3
11,"OBD.titeet",61.2,25.3,9.2,2.4,0.5,
11,"MTD.tite12",14.4,39.5,27.3,11.1,4.5,3.08
11,"OBD.tite12",57,25.8,10,3.3,0.8,
11,"MTD.bfet",,,,,,1.7
11,"OBD.bfet",72,21.3,4.2,0.6,0,
1,"MTD.ours0",37.12,45.94,13.48,1.84,0.36,1.26
1,"OBD.ours0",72.62,21.94,3.26,0.38,0.02,
1,"MTD.bf",35.82,46.38,14.04,2.12,0.32,1.32
1,"OBD.bf",71.84,21.34,4.52,0.5,0.16,
1,"MTD.ours1",36.04,45.78,13.78,2.78,0.34,1.28
1,"OBD.ours1",72.52,21.38,3.62,0.66,0,
1,"MTD.ours2",35.72,45.7,14.48,2.74,0.28,1.08
1,"OBD.ours2",72.82,21.64,3.26,0.6,0.06,
1,"MTD.ours3",35.1,47.38,12.92,2.96,0.4,1.24
1,"OBD.ours3",72.1,20.72,3.94,1.16,0.16,
1,"MTD.titeet",35.7,45.8,14.4,3,0.4,1.3
1,"OBD.titeet",61.2,25.3,9.2,2.4,0.5,
1,"MTD.tite12",14.4,39.5,27.3,11.1,4.5,3.08
1,"OBD.tite12",57,25.8,10,3.3,0.8,
1,"MTD.bfet",,,,,,1.7
1,"OBD.bfet",72,21.3,4.2,0.6,0,
25,"MTD.ours0",1.76,21.86,53.04,19.9,3.4,0.04
25,"OBD.ours0",9.62,17.38,57.46,10.28,1.32,
25,"MTD.bf",1.34,22.34,52.8,19.88,3.64,0
25,"OBD.bf",9.06,19.46,57.6,10.2,1.24,
25,"MTD.ours1",1.96,22.26,51.82,20.62,3.34,0
25,"OBD.ours1",10.38,17.02,56.12,10.9,1.56,
25,"MTD.ours2",2.12,22.26,52.52,19.46,3.62,0.02
25,"OBD.ours2",10.48,16.8,56.66,10.1,1.66,
25,"MTD.ours3",1.48,22.14,51.6,20.44,4.34,0
25,"OBD.ours3",9.62,17.74,54.6,12.46,1.7,
25,"MTD.titeet",1.1,20.7,55,20,3.2,2.4
25,"OBD.titeet",19,15.9,45,14,3.6,
25,"MTD.tite12",0.6,11.8,39.3,29.4,16.9,2.04
25,"OBD.tite12",18.2,18.4,43.7,13.3,4.4,
25,"MTD.bfet",,,,,,3
25,"OBD.bfet",18.1,21,48.5,8,1.3,
45,"MTD.ours0",2,21.72,52.1,20.8,3.38,0
45,"OBD.ours0",30.7,32.78,29.74,2.46,0.38,
45,"MTD.bf",1.34,22.34,52.8,19.88,3.64,0
45,"OBD.bf",54.34,24.08,15.62,2.88,0.64,
45,"MTD.ours1",1.84,21.28,53.44,19.8,3.62,0.02
45,"OBD.ours1",29.48,33.82,29.16,2.66,0.28,
45,"MTD.ours2",2.1,21.08,53.28,19.58,3.94,0.02
45,"OBD.ours2",30.68,34.06,28.46,2.46,0.32,
45,"MTD.ours3",1.5,22.3,51.42,20.34,4.44,0
45,"OBD.ours3",28.06,33.8,29.86,3.72,0.68,
45,"MTD.titeet",1.1,20.7,55,20,3.2,2.4
45,"OBD.titeet",19,15.9,45,14,3.6,
45,"MTD.tite12",0.6,11.8,39.3,29.4,16.9,2.04
45,"OBD.tite12",18.2,18.4,43.7,13.3,4.4,
45,"MTD.bfet",,,,,,3
45,"OBD.bfet",18.1,21,48.5,8,1.3,
35,"MTD.ours0",1.8,23.44,51.44,19.64,3.68,0
35,"OBD.ours0",22.36,27.72,40.94,4.18,0.46,
35,"MTD.bf",1.34,22.34,52.8,19.88,3.64,0
35,"OBD.bf",28.8,25.06,37.16,5.64,0.9,
35,"MTD.ours1",1.66,21.18,52.72,20.88,3.52,0.04
35,"OBD.ours1",22.88,26.58,41.14,4.76,0.58,
35,"MTD.ours2",2.16,21.3,53,19.32,4.1,0.12
35,"OBD.ours2",23.56,25.56,41.62,4.04,0.7,
35,"MTD.ours3",1.5,22.2,51.6,20.24,4.46,0
35,"OBD.ours3",21.54,26.98,40.44,6,1.18,
35,"MTD.titeet",1.1,20.7,55,20,3.2,2.4
35,"OBD.titeet",19,15.9,45,14,3.6,
35,"MTD.tite12",0.6,11.8,39.3,29.4,16.9,2.04
35,"OBD.tite12",18.2,18.4,43.7,13.3,4.4,
35,"MTD.bfet",,,,,,3
35,"OBD.bfet",18.1,21,48.5,8,1.3,
15,"MTD.ours0",1.84,22.1,53.32,19.36,3.3,0.08
15,"OBD.ours0",11.12,18.2,56.24,9.26,1.02,
15,"MTD.bf",1.34,22.34,52.8,19.88,3.64,0
15,"OBD.bf",10.52,19.52,56.48,9.68,1.36,
15,"MTD.ours1",2.06,22.48,51.72,20.06,3.66,0.02
15,"OBD.ours1",11.8,17.92,55.44,9.52,1.24,
15,"MTD.ours2",2.06,22.04,52.7,19.58,3.58,0.04
15,"OBD.ours2",12.26,16.78,56.02,9.34,1.34,
15,"MTD.ours3",1.48,22.24,51.44,20.4,4.44,0
15,"OBD.ours3",11.16,18.04,53.86,11.22,1.84,
15,"MTD.titeet",1.1,20.7,55,20,3.2,2.4
15,"OBD.titeet",19,15.9,45,14,3.6,
15,"MTD.tite12",0.6,11.8,39.3,29.4,16.9,2.04
15,"OBD.tite12",18.2,18.4,43.7,13.3,4.4,
15,"MTD.bfet",,,,,,3
15,"OBD.bfet",18.1,21,48.5,8,1.3,
5,"MTD.ours0",1.88,23.06,52.76,19.16,3.1,0.04
5,"OBD.ours0",15.34,20.88,51.98,6.42,0.78,
5,"MTD.bf",1.34,22.34,52.8,19.88,3.64,0
5,"OBD.bf",15.56,21.26,51.34,8.14,1.26,
5,"MTD.ours1",1.82,21.94,52.52,20.26,3.4,0.06
5,"OBD.ours1",15.44,20.04,51.76,7.4,1,
5,"MTD.ours2",1.9,21.72,53.36,19.02,3.94,0.06
5,"OBD.ours2",16.08,20.62,51.06,7.02,1.24,
5,"MTD.ours3",1.48,22.32,51.48,20.34,4.38,0
5,"OBD.ours3",15.06,20.66,50.34,8.5,1.56,
5,"MTD.titeet",1.1,20.7,55,20,3.2,2.4
5,"OBD.titeet",19,15.9,45,14,3.6,
5,"MTD.tite12",0.6,11.8,39.3,29.4,16.9,2.04
5,"OBD.tite12",18.2,18.4,43.7,13.3,4.4,
5,"MTD.bfet",,,,,,3
5,"OBD.bfet",18.1,21,48.5,8,1.3,
42,"MTD.ours0",2.92,35.56,44.24,14.34,2.94,0
42,"OBD.ours0",39.04,48.78,9.78,1.1,0.14,
42,"MTD.bf",2.48,34.28,45.52,14.58,3.14,0
42,"OBD.bf",53.78,35.56,7.34,2.34,0.38,
42,"MTD.ours1",2.52,33.62,46.14,14.56,3.14,0.02
42,"OBD.ours1",38.72,49.26,9.66,1.3,0.12,
42,"MTD.ours2",2.68,34.18,45.64,14.36,3.1,0.04
42,"OBD.ours2",38.74,48.26,10.62,1.26,0.16,
42,"MTD.ours3",2.36,34.36,45.06,14.66,3.56,0
42,"OBD.ours3",38.82,46.88,10.92,1.98,0.36,
42,"MTD.titeet",1.8,41.4,41,12.9,2.9,1.7
42,"OBD.titeet",21,47.1,20.6,7.7,1.9,
42,"MTD.tite12",0.8,21.1,36.9,26.1,13.5,1.58
42,"OBD.tite12",19.8,44.9,22.7,8.4,2.7,
42,"MTD.bfet",,,,,,1.1
42,"OBD.bfet",18.2,55.9,20.2,4,0.5,
22,"MTD.ours0",3.32,35.26,44.66,13.96,2.78,0.02
22,"OBD.ours0",8.14,58.14,26.74,5.44,0.52,
22,"MTD.bf",2.48,34.28,45.52,14.58,3.14,0
22,"OBD.bf",7.56,57.52,28.08,5.36,0.88,
22,"MTD.ours1",3.16,33.9,45.88,14.24,2.8,0.02
22,"OBD.ours1",8.68,56.72,26.52,6.22,0.7,
22,"MTD.ours2",2.94,34.3,45,14.94,2.78,0.04
22,"OBD.ours2",9.26,54.34,28.14,6.36,0.74,
22,"MTD.ours3",2.38,34.36,44.98,14.64,3.64,0
22,"OBD.ours3",8.32,54.86,27.64,6.92,1.24,
22,"MTD.titeet",1.8,41.4,41,12.9,2.9,1.7
22,"OBD.titeet",21,47.1,20.6,7.7,1.9,
22,"MTD.tite12",0.8,21.1,36.9,26.1,13.5,1.58
22,"OBD.tite12",19.8,44.9,22.7,8.4,2.7,
22,"MTD.bfet",,,,,,1.1
22,"OBD.bfet",18.2,55.9,20.2,4,0.5,
2,"MTD.ours0",3.04,35.54,44.1,14.44,2.84,0.04
2,"OBD.ours0",16.64,59.46,19.12,3.4,0.52,
2,"MTD.bf",2.48,34.28,45.52,14.58,3.14,0
2,"OBD.bf",14.36,58.44,21.34,4.42,0.84,
2,"MTD.ours1",3.08,33.5,44.96,15.06,3.36,0.04
2,"OBD.ours1",17.36,57.92,19.58,3.52,0.7,
2,"MTD.ours2",3.16,34.3,44.76,14.48,3.24,0.06
2,"OBD.ours2",17.08,57.7,20.16,3.46,0.6,
2,"MTD.ours3",2.36,34.46,44.94,14.62,3.62,0
2,"OBD.ours3",16.52,55.68,21.12,4.72,0.94,
2,"MTD.titeet",1.8,41.4,41,12.9,2.9,1.7
2,"OBD.titeet",21,47.1,20.6,7.7,1.9,
2,"MTD.tite12",0.8,21.1,36.9,26.1,13.5,1.58
2,"OBD.tite12",19.8,44.9,22.7,8.4,2.7,
2,"MTD.bfet",,,,,,1.1
2,"OBD.bfet",18.2,55.9,20.2,4,0.5,
46,"MTD.ours0",0.26,2.22,18.48,55.8,23.24,0
46,"OBD.ours0",14.32,23.6,30.66,25.88,2.4,
46,"MTD.bf",0.14,2.38,18.62,56,22.86,0
46,"OBD.bf",47.76,17.9,17.96,12.82,2.5,
46,"MTD.ours1",0.18,2.16,18.98,55.32,23.36,0
46,"OBD.ours1",13.56,23.66,31.48,26.14,2.16,
46,"MTD.ours2",0.16,2.26,18.88,54.48,24.22,0
46,"OBD.ours2",13.58,24.58,30.48,25.64,2.84,
46,"MTD.ours3",0.12,1.92,17.2,56.7,24.06,0
46,"OBD.ours3",12.52,23.26,31.72,26.4,3.22,
46,"MTD.titeet",0.1,2.1,20.6,57.5,19.6,0.8
46,"OBD.titeet",12.3,16.1,16.7,40.6,13.5,
46,"MTD.tite12",0,1.7,14.4,39.8,43,1.04
46,"OBD.tite12",12.1,14.9,16.7,41.7,13.5,
46,"MTD.bfet",,,,,,1.2
46,"OBD.bfet",9.9,12.1,17.6,50.2,9,
12,"MTD.ours0",3.02,36.14,43.88,14.22,2.72,0.02
12,"OBD.ours0",10.34,59.06,24.42,4.86,0.44,
12,"MTD.bf",2.48,34.28,45.52,14.58,3.14,0
12,"OBD.bf",8.86,58.18,26.34,5.12,0.9,
12,"MTD.ours1",2.94,33.76,45.36,14.96,2.96,0.02
12,"OBD.ours1",11.1,57.22,24.5,5.5,0.6,
12,"MTD.ours2",2.78,34.76,45.1,14.56,2.76,0.04
12,"OBD.ours2",10.82,57.78,24.92,4.66,0.62,
12,"MTD.ours3",2.38,34.36,44.92,14.76,3.58,0
12,"OBD.ours3",10.5,55.82,25.4,6.1,1.16,
12,"MTD.titeet",1.8,41.4,41,12.9,2.9,1.7
12,"OBD.titeet",21,47.1,20.6,7.7,1.9,
12,"MTD.tite12",0.8,21.1,36.9,26.1,13.5,1.58
12,"OBD.tite12",19.8,44.9,22.7,8.4,2.7,
12,"MTD.bfet",,,,,,1.1
12,"OBD.bfet",18.2,55.9,20.2,4,0.5,
32,"MTD.ours0",3.2,35.68,44.46,13.88,2.78,0
32,"OBD.ours0",28.24,55.02,13.58,1.9,0.2,
32,"MTD.bf",2.48,34.28,45.52,14.58,3.14,0
32,"OBD.bf",27.6,53,14.52,3.76,0.52,
32,"MTD.ours1",2.82,35.22,45.12,14.24,2.6,0
32,"OBD.ours1",29.06,52.88,14.6,2.06,0.42,
32,"MTD.ours2",3.18,36.06,43.14,14.56,3.02,0.04
32,"OBD.ours2",28.8,52.24,15.32,2.08,0.32,
32,"MTD.ours3",2.34,34.3,45.24,14.5,3.62,0
32,"OBD.ours3",27.08,52.42,15.64,3.24,0.6,
32,"MTD.titeet",1.8,41.4,41,12.9,2.9,1.7
32,"OBD.titeet",21,47.1,20.6,7.7,1.9,
32,"MTD.tite12",0.8,21.1,36.9,26.1,13.5,1.58
32,"OBD.tite12",19.8,44.9,22.7,8.4,2.7,
32,"MTD.bfet",,,,,,1.1
32,"OBD.bfet",18.2,55.9,20.2,4,0.5,
26,"MTD.ours0",0.06,2.74,17.8,56.72,22.68,0
26,"OBD.ours0",2.7,8.08,14.84,59.84,11.22,
26,"MTD.bf",0.14,2.38,18.62,56,22.86,0
26,"OBD.bf",3.86,8.04,17.28,58.96,10.8,
26,"MTD.ours1",0.04,2.26,17.24,55.24,25.22,0
26,"OBD.ours1",2.78,7.94,13.58,59.96,13.18,
26,"MTD.ours2",0.18,2.44,19.08,54.5,23.8,0
26,"OBD.ours2",3.08,8.4,14.26,58.7,12.2,
26,"MTD.ours3",0.12,1.94,17.22,56.86,23.86,0
26,"OBD.ours3",2.98,7.46,13.56,59.7,13.4,
26,"MTD.titeet",0.1,2.1,20.6,57.5,19.6,0.8
26,"OBD.titeet",12.3,16.1,16.7,40.6,13.5,
26,"MTD.tite12",0,1.7,14.4,39.8,43,1.04
26,"OBD.tite12",12.1,14.9,16.7,41.7,13.5,
26,"MTD.bfet",,,,,,1.2
26,"OBD.bfet",9.9,12.1,17.6,50.2,9,
36,"MTD.ours0",0.12,2.16,18.06,56.8,22.86,0
36,"OBD.ours0",8.66,17.86,26.96,39.32,4.6,
36,"MTD.bf",0.14,2.38,18.62,56,22.86,0
36,"OBD.bf",20.68,16.12,21.66,34.68,5.8,
36,"MTD.ours1",0.06,2.14,17.98,56.34,23.46,0.02
36,"OBD.ours1",9.2,18.42,26.52,38.24,4.78,
36,"MTD.ours2",0.08,1.96,18.22,55.98,23.76,0
36,"OBD.ours2",9.08,17.46,26.38,38.86,5.46,
36,"MTD.ours3",0.12,1.92,17.12,56.98,23.86,0
36,"OBD.ours3",7.98,17.18,25.56,39.42,6.98,
36,"MTD.titeet",0.1,2.1,20.6,57.5,19.6,0.8
36,"OBD.titeet",12.3,16.1,16.7,40.6,13.5,
36,"MTD.tite12",0,1.7,14.4,39.8,43,1.04
36,"OBD.tite12",12.1,14.9,16.7,41.7,13.5,
36,"MTD.bfet",,,,,,1.2
36,"OBD.bfet",9.9,12.1,17.6,50.2,9,
16,"MTD.ours0",0.1,2.4,17.44,56.9,23.16,0
16,"OBD.ours0",3.16,8.04,16.52,59.32,10,
16,"MTD.bf",0.14,2.38,18.62,56,22.86,0
16,"OBD.bf",4.12,8.98,17.78,57.52,10.54,
16,"MTD.ours1",0.06,2.34,17.56,55.48,24.56,0
16,"OBD.ours1",3.66,9.28,14.46,58.36,11.32,
16,"MTD.ours2",0.16,2.5,19.44,54.3,23.6,0
16,"OBD.ours2",3.32,9.3,15.8,57.6,10.82,
16,"MTD.ours3",0.12,1.94,17.14,56.92,23.88,0
16,"OBD.ours3",3.28,8.82,14.7,57.44,12.88,
16,"MTD.titeet",0.1,2.1,20.6,57.5,19.6,0.8
16,"OBD.titeet",12.3,16.1,16.7,40.6,13.5,
16,"MTD.tite12",0,1.7,14.4,39.8,43,1.04
16,"OBD.tite12",12.1,14.9,16.7,41.7,13.5,
16,"MTD.bfet",,,,,,1.2
16,"OBD.bfet",9.9,12.1,17.6,50.2,9,
47,"MTD.ours0",2.98,35.76,44.24,14.28,2.72,0.02
47,"OBD.ours0",71.92,22.56,4.58,0.72,0.06,
47,"MTD.bf",2.64,34.74,45.04,14.6,2.98,0
47,"OBD.bf",75.58,18.38,4,1.66,0.34,
47,"MTD.ours1",3.24,34.28,44.48,15.06,2.92,0.02
47,"OBD.ours1",71.24,23.24,4.74,0.64,0.02,
47,"MTD.ours2",2.68,34.14,45.44,14.56,3.18,0
47,"OBD.ours2",71.02,23.08,5.12,0.72,0.04,
47,"MTD.ours3",2.34,34.24,44.76,15.24,3.42,0
47,"OBD.ours3",70.08,22.72,5.66,1.16,0.22,
47,"MTD.titeet",12.4,39.1,35.2,11.4,1.9,0.1
47,"OBD.titeet",53.3,25.7,14,5.7,1.2,
47,"MTD.tite12",1.3,23.9,39.4,22.2,12.4,0.7
47,"OBD.tite12",45.9,29.2,15.1,6.7,2.3,
47,"MTD.bfet",,,,,,0.1
47,"OBD.bfet",55.2,31.1,10.9,2.2,0.4,
7,"MTD.ours0",2.76,35,45.18,14.2,2.86,0
7,"OBD.ours0",53.88,31.3,12.2,2.26,0.28,
7,"MTD.bf",2.64,34.74,45.04,14.6,2.98,0
7,"OBD.bf",51.64,31.64,12.8,3.12,0.76,
7,"MTD.ours1",2.96,34.44,45.84,14.3,2.46,0
7,"OBD.ours1",56.28,30.14,11.24,2.1,0.18,
7,"MTD.ours2",2.82,34.72,45.52,14.04,2.9,0
7,"OBD.ours2",56.12,29.74,11.64,2.18,0.22,
7,"MTD.ours3",2.36,34.24,44.66,15.32,3.42,0
7,"OBD.ours3",53.88,29.34,12.42,3.36,0.84,
7,"MTD.titeet",12.4,39.1,35.2,11.4,1.9,0.1
7,"OBD.titeet",53.3,25.7,14,5.7,1.2,
7,"MTD.tite12",1.3,23.9,39.4,22.2,12.4,0.7
7,"OBD.tite12",45.9,29.2,15.1,6.7,2.3,
7,"MTD.bfet",,,,,,0.1
7,"OBD.bfet",55.2,31.1,10.9,2.2,0.4,
6,"MTD.ours0",0.1,2.56,18.48,56.64,22.22,0
6,"OBD.ours0",4.64,12.32,19.3,52.92,7.52,
6,"MTD.bf",0.14,2.38,18.62,56,22.86,0
6,"OBD.bf",8.18,11.88,19.62,50.46,8.8,
6,"MTD.ours1",0.1,2.16,18.3,56.12,23.32,0
6,"OBD.ours1",5.42,12.04,19.38,52.12,8.26,
6,"MTD.ours2",0.06,2.56,18.12,55.4,23.86,0
6,"OBD.ours2",5.02,12.94,17.96,52.46,8.48,
6,"MTD.ours3",0.12,1.94,17.24,56.92,23.78,0
6,"OBD.ours3",4.52,12.02,18.22,51.38,10.98,
6,"MTD.titeet",0.1,2.1,20.6,57.5,19.6,0.8
6,"OBD.titeet",12.3,16.1,16.7,40.6,13.5,
6,"MTD.tite12",0,1.7,14.4,39.8,43,1.04
6,"OBD.tite12",12.1,14.9,16.7,41.7,13.5,
6,"MTD.bfet",,,,,,1.2
6,"OBD.bfet",9.9,12.1,17.6,50.2,9,
37,"MTD.ours0",3.06,36.52,43.62,13.7,3.08,0.02
37,"OBD.ours0",65.34,26.06,7.3,1.06,0.12,
37,"MTD.bf",2.64,34.74,45.04,14.6,2.98,0
37,"OBD.bf",62.38,26.78,7.9,2.4,0.5,
37,"MTD.ours1",2.72,33.78,44.94,15.24,3.32,0
37,"OBD.ours1",64.22,26.66,7.72,1.1,0.24,
37,"MTD.ours2",2.9,34.86,44.7,14.4,3.14,0
37,"OBD.ours2",65.52,25.76,7.34,1.16,0.2,
37,"MTD.ours3",2.36,34.32,44.68,15.28,3.36,0
37,"OBD.ours3",63.92,25.46,8.04,2.04,0.38,
37,"MTD.titeet",12.4,39.1,35.2,11.4,1.9,0.1
37,"OBD.titeet",53.3,25.7,14,5.7,1.2,
37,"MTD.tite12",1.3,23.9,39.4,22.2,12.4,0.7
37,"OBD.tite12",45.9,29.2,15.1,6.7,2.3,
37,"MTD.bfet",,,,,,0.1
37,"OBD.bfet",55.2,31.1,10.9,2.2,0.4,
27,"MTD.ours0",3.32,34.2,45.5,14.32,2.64,0.02
27,"OBD.ours0",41.86,35.16,18.54,3.9,0.5,
27,"MTD.bf",2.64,34.74,45.04,14.6,2.98,0
27,"OBD.bf",39.56,35.5,19.6,4.42,0.88,
27,"MTD.ours1",2.76,34.32,45.7,14.16,3.04,0.02
27,"OBD.ours1",40.5,35.3,19.12,4.4,0.58,
27,"MTD.ours2",3,34.84,45.3,13.78,3.08,0
27,"OBD.ours2",42.24,34.8,17.5,4.36,0.9,
27,"MTD.ours3",2.38,34.5,44.34,15.34,3.44,0
27,"OBD.ours3",40.44,33.3,19.22,5.8,1.08,
27,"MTD.titeet",12.4,39.1,35.2,11.4,1.9,0.1
27,"OBD.titeet",53.3,25.7,14,5.7,1.2,
27,"MTD.tite12",1.3,23.9,39.4,22.2,12.4,0.7
27,"OBD.tite12",45.9,29.2,15.1,6.7,2.3,
27,"MTD.bfet",,,,,,0.1
27,"OBD.bfet",55.2,31.1,10.9,2.2,0.4,
17,"MTD.ours0",3.46,34.4,45.36,13.96,2.8,0.02
17,"OBD.ours0",45.74,34,16.54,3.24,0.4,
17,"MTD.bf",2.64,34.74,45.04,14.6,2.98,0
17,"OBD.bf",42.8,35.06,17.14,4.12,0.84,
17,"MTD.ours1",2.7,34.78,45.72,13.68,3.12,0
17,"OBD.ours1",46.36,33.8,16.1,3.3,0.36,
17,"MTD.ours2",2.94,35.64,44.9,13.3,3.18,0.04
17,"OBD.ours2",46.72,33.74,15.48,3.26,0.58,
17,"MTD.ours3",2.38,34.5,44.54,15.24,3.34,0
17,"OBD.ours3",43.86,33.12,16.9,4.98,0.98,
17,"MTD.titeet",12.4,39.1,35.2,11.4,1.9,0.1
17,"OBD.titeet",53.3,25.7,14,5.7,1.2,
17,"MTD.tite12",1.3,23.9,39.4,22.2,12.4,0.7
17,"OBD.tite12",45.9,29.2,15.1,6.7,2.3,
17,"MTD.bfet",,,,,,0.1
17,"OBD.bfet",55.2,31.1,10.9,2.2,0.4,
44,"MTD.ours0",0,0.26,3.08,27.1,69.56,0
44,"OBD.ours0",8.02,16.9,21.72,45.82,7.08,
44,"MTD.bf",0,0.3,2.46,27.58,69.66,0
44,"OBD.bf",28.98,12.94,16.54,35.3,6.06,
44,"MTD.ours1",0,0.32,2.5,27.12,70.06,0
44,"OBD.ours1",8.9,17.48,21.5,45.52,6.3,
44,"MTD.ours2",0.02,0.1,2.34,27.98,69.56,0
44,"OBD.ours2",8.52,16.44,22.68,45.82,6.18,
44,"MTD.ours3",0,0.24,2.66,26.02,71.08,0
44,"OBD.ours3",8.18,16.78,21.78,45.78,7.14,
44,"MTD.titeet",0,0.3,3.7,43,53,0.1
44,"OBD.titeet",8.3,14.1,13.9,44.9,18.8,
44,"MTD.tite12",0,0.4,3.7,20,75.7,0.2
44,"OBD.tite12",7.9,10.6,13,47.5,20.7,
44,"MTD.bfet",,,,,,0.3
44,"OBD.bfet",4.2,6.9,11.8,56,20.8,
24,"MTD.ours0",0,0.3,2.68,28.22,68.8,0
24,"OBD.ours0",0.82,3.42,7.36,56.34,31.64,
24,"MTD.bf",0,0.3,2.46,27.58,69.66,0
24,"OBD.bf",0.8,2.82,7.64,55.38,33.18,
24,"MTD.ours1",0.04,0.32,2.56,26.42,70.66,0
24,"OBD.ours1",1,3.72,7.46,54.1,33.26,
24,"MTD.ours2",0.02,0.32,2.6,25.22,71.84,0
24,"OBD.ours2",0.76,3.46,7.46,52.52,35.42,
24,"MTD.ours3",0,0.24,2.56,25.86,71.34,0
24,"OBD.ours3",0.7,3.14,7.22,51.76,36.84,
24,"MTD.titeet",0,0.3,3.7,43,53,0.1
24,"OBD.titeet",8.3,14.1,13.9,44.9,18.8,
24,"MTD.tite12",0,0.4,3.7,20,75.7,0.2
24,"OBD.tite12",7.9,10.6,13,47.5,20.7,
24,"MTD.bfet",,,,,,0.3
24,"OBD.bfet",4.2,6.9,11.8,56,20.8,
14,"MTD.ours0",0,0.44,2.5,27.06,70,0
14,"OBD.ours0",0.6,3.66,8.2,56.88,30.22,
14,"MTD.bf",0,0.3,2.46,27.58,69.66,0
14,"OBD.bf",0.92,3.12,7.66,57.44,30.68,
14,"MTD.ours1",0.02,0.28,2.66,27.36,69.68,0
14,"OBD.ours1",1.22,3.8,8.16,55.22,31.14,
14,"MTD.ours2",0,0.3,2.9,25.58,71.22,0
14,"OBD.ours2",1.06,4.16,8.22,55.94,30.18,
14,"MTD.ours3",0,0.24,2.58,25.92,71.26,0
14,"OBD.ours3",0.92,3.7,7.4,53.5,34.14,
14,"MTD.titeet",0,0.3,3.7,43,53,0.1
14,"OBD.titeet",8.3,14.1,13.9,44.9,18.8,
14,"MTD.tite12",0,0.4,3.7,20,75.7,0.2
14,"OBD.tite12",7.9,10.6,13,47.5,20.7,
14,"MTD.bfet",,,,,,0.3
14,"OBD.bfet",4.2,6.9,11.8,56,20.8,
4,"MTD.ours0",0.04,0.34,2.44,26.68,70.5,0
4,"OBD.ours0",1.76,5.76,10.52,58.88,22.62,
4,"MTD.bf",0,0.3,2.46,27.58,69.66,0
4,"OBD.bf",2.18,4.76,10.1,59.54,23.24,
4,"MTD.ours1",0.04,0.32,2.7,25.92,71.02,0
4,"OBD.ours1",2.4,5.6,10.76,57.86,22.8,
4,"MTD.ours2",0,0.36,2.7,26.86,70.08,0
4,"OBD.ours2",2.1,6.56,10.74,58.46,21.8,
4,"MTD.ours3",0,0.24,2.58,25.98,71.2,0
4,"OBD.ours3",1.76,5.7,10.02,56.46,25.72,
4,"MTD.titeet",0,0.3,3.7,43,53,0.1
4,"OBD.titeet",8.3,14.1,13.9,44.9,18.8,
4,"MTD.tite12",0,0.4,3.7,20,75.7,0.2
4,"OBD.tite12",7.9,10.6,13,47.5,20.7,
4,"MTD.bfet",,,,,,0.3
4,"OBD.bfet",4.2,6.9,11.8,56,20.8,
34,"MTD.ours0",0.02,0.38,2.84,27.38,69.38,0
34,"OBD.ours0",3.9,10.42,16.22,56.1,12.86,
34,"MTD.bf",0,0.3,2.46,27.58,69.66,0
34,"OBD.bf",6.94,8.08,14.2,56.02,14.58,
34,"MTD.ours1",0.04,0.24,3.1,26.92,69.7,0
34,"OBD.ours1",4.44,10.2,15.82,56.3,12.7,
34,"MTD.ours2",0.04,0.44,2.76,27.58,69.18,0
34,"OBD.ours2",4.64,10.58,15.6,55.74,13.06,
34,"MTD.ours3",0,0.26,2.62,26.02,71.1,0
34,"OBD.ours3",3.28,9.64,14.8,57.4,14.54,
34,"MTD.titeet",0,0.3,3.7,43,53,0.1
34,"OBD.titeet",8.3,14.1,13.9,44.9,18.8,
34,"MTD.tite12",0,0.4,3.7,20,75.7,0.2
34,"OBD.tite12",7.9,10.6,13,47.5,20.7,
34,"MTD.bfet",,,,,,0.3
34,"OBD.bfet",4.2,6.9,11.8,56,20.8,
48,"MTD.ours0",4.88,17.02,34.46,31.28,12.3,0.06
48,"OBD.ours0",58.04,27.4,11.36,2.8,0.28,
48,"MTD.bf",4.14,16.06,34.5,32.06,13.14,0.1
48,"OBD.bf",55.82,26.38,11.66,4.74,1.26,
48,"MTD.ours1",5.28,17.1,33.64,31.98,11.86,0.14
48,"OBD.ours1",56.56,28.16,11.48,3.32,0.3,
48,"MTD.ours2",4.84,16.86,33.94,32.08,12.14,0.14
48,"OBD.ours2",56.84,29.1,10.62,2.86,0.42,
48,"MTD.ours3",4.2,16.16,34.1,32.06,13.38,0.1
48,"OBD.ours3",53.88,28.72,12.5,4.14,0.58,
48,"MTD.titeet",16.7,29.5,30.6,18.5,4.5,0.1
48,"OBD.titeet",45.8,27.9,16.3,7.4,2.3,
48,"MTD.tite12",1.4,14.2,32.4,27.8,23.8,0.3
48,"OBD.tite12",36.5,27.6,18.7,12.5,4.4,
48,"MTD.bfet",,,,,,0.3
48,"OBD.bfet",50.4,27.7,15.3,5.3,1,
23,"MTD.ours0",0.12,2.68,23.34,55.9,17.96,0
23,"OBD.ours0",1.1,3.48,55.86,32.22,6.2,
23,"MTD.bf",0.14,2.32,22.74,56.68,18.12,0
23,"OBD.bf",0.98,3.2,55.44,33.2,6.4,
23,"MTD.ours1",0.1,2.24,23.24,55.1,19.32,0
23,"OBD.ours1",1.14,3.42,53.94,33.62,6.7,
23,"MTD.ours2",0.1,2.54,23.48,54.74,19.14,0
23,"OBD.ours2",1.1,3.84,52.88,34.4,6.54,
23,"MTD.ours3",0.12,2,22.22,55.9,19.76,0
23,"OBD.ours3",1.04,3.58,50.24,35.98,8.24,
23,"MTD.titeet",0.1,1.8,35.5,49.4,13.1,0.5
23,"OBD.titeet",7.7,11.4,50.4,22.4,7.5,
23,"MTD.tite12",0,1.7,18.4,39.7,39.7,0.54
23,"OBD.tite12",8.3,8.9,49.3,24.6,8.4,
23,"MTD.bfet",,,,,,1.1
23,"OBD.bfet",5.2,6.7,58.4,24.4,4.1,
43,"MTD.ours0",0,2.06,23.72,56.02,18.2,0
43,"OBD.ours0",10.36,18.68,59.84,8.84,1.42,
43,"MTD.bf",0.14,2.32,22.74,56.68,18.12,0
43,"OBD.bf",34.8,13.68,41.98,7.04,1.72,
43,"MTD.ours1",0.1,2.08,22.2,55.36,20.26,0
43,"OBD.ours1",10.26,17.5,59.8,10.2,1.4,
43,"MTD.ours2",0.08,2.32,23.3,55.48,18.82,0
43,"OBD.ours2",10.04,17.62,60.56,9.84,1.1,
43,"MTD.ours3",0.12,2,22.06,55.94,19.88,0
43,"OBD.ours3",9.52,18.46,58.28,11.06,1.76,
43,"MTD.titeet",0.1,1.8,35.5,49.4,13.1,0.5
43,"OBD.titeet",7.7,11.4,50.4,22.4,7.5,
43,"MTD.tite12",0,1.7,18.4,39.7,39.7,0.54
43,"OBD.tite12",8.3,8.9,49.3,24.6,8.4,
43,"MTD.bfet",,,,,,1.1
43,"OBD.bfet",5.2,6.7,58.4,24.4,4.1,
13,"MTD.ours0",0.1,2.46,24,55.26,18.18,0
13,"OBD.ours0",1.32,3.62,59.06,29.14,5.86,
13,"MTD.bf",0.14,2.32,22.74,56.68,18.12,0
13,"OBD.bf",1.18,3.84,58.26,29.66,6.28,
13,"MTD.ours1",0.18,2.24,22.96,54.54,20.08,0
13,"OBD.ours1",1.4,3.74,57.12,30.52,6.12,
13,"MTD.ours2",0.1,1.8,23.5,55.5,19.1,0
13,"OBD.ours2",1.14,3.98,58.06,30.08,5.74,
13,"MTD.ours3",0.12,2,22.2,55.88,19.8,0
13,"OBD.ours3",1.24,4.38,53.76,32,7.7,
13,"MTD.titeet",0.1,1.8,35.5,49.4,13.1,0.5
13,"OBD.titeet",7.7,11.4,50.4,22.4,7.5,
13,"MTD.tite12",0,1.7,18.4,39.7,39.7,0.54
13,"OBD.tite12",8.3,8.9,49.3,24.6,8.4,
13,"MTD.bfet",,,,,,1.1
13,"OBD.bfet",5.2,6.7,58.4,24.4,4.1,
9,"MTD.ours0",0.08,6.46,40.86,37.46,15.14,0
9,"OBD.ours0",7.16,52.08,27.68,11.2,1.84,
9,"MTD.bf",0.14,5.9,41.72,37.72,14.52,0
9,"OBD.bf",5.98,50.78,28.02,12.34,2.82,
9,"MTD.ours1",0.14,6.26,42.04,37.1,14.46,0
9,"OBD.ours1",8.48,53.28,25.98,10,2.2,
9,"MTD.ours2",0.16,5.72,41.26,38.24,14.62,0
9,"OBD.ours2",8.14,52.72,26.66,10.2,2.22,
9,"MTD.ours3",0.12,6.32,41.46,37.22,14.88,0
9,"OBD.ours3",7.48,50.66,26.34,12.14,3.26,
9,"MTD.titeet",0,17,46,28.3,8.6,0.3
9,"OBD.titeet",16.9,42.7,23.5,12.9,3.8,
9,"MTD.tite12",0,5.2,28.8,36.3,29.2,0.44
9,"OBD.tite12",12.2,41.9,24.6,15.6,5.2,
9,"MTD.bfet",,,,,,0.2
9,"OBD.bfet",8.7,51.9,27.2,10.1,2,
29,"MTD.ours0",0.06,6.34,41.82,37.14,14.64,0
29,"OBD.ours0",3.44,42.34,34.82,16.28,3.1,
29,"MTD.bf",0.14,5.9,41.72,37.72,14.52,0
29,"OBD.bf",2.78,40.4,35.9,16.82,4.04,
29,"MTD.ours1",0.12,5.44,42.46,37.6,14.38,0
29,"OBD.ours1",4.5,39.84,35.62,15.76,4.18,
29,"MTD.ours2",0.12,5.92,42.02,37.96,13.98,0
29,"OBD.ours2",4.02,39.6,35.72,16.68,3.94,
29,"MTD.ours3",0.12,6.2,41.8,37.18,14.7,0
29,"OBD.ours3",3.8,39.7,34.48,17.32,4.58,
29,"MTD.titeet",0,17,46,28.3,8.6,0.3
29,"OBD.titeet",16.9,42.7,23.5,12.9,3.8,
29,"MTD.tite12",0,5.2,28.8,36.3,29.2,0.44
29,"OBD.tite12",12.2,41.9,24.6,15.6,5.2,
29,"MTD.bfet",,,,,,0.2
29,"OBD.bfet",8.7,51.9,27.2,10.1,2,
19,"MTD.ours0",0.12,5.92,43.44,36.74,13.76,0.02
19,"OBD.ours0",4.02,46.04,32.6,14.7,2.54,
19,"MTD.bf",0.14,5.9,41.72,37.72,14.52,0
19,"OBD.bf",3.38,43.66,33.54,15.62,3.74,
19,"MTD.ours1",0.22,5.78,41.8,37.24,14.96,0
19,"OBD.ours1",5.04,44.04,33.44,13.96,3.4,
19,"MTD.ours2",0.12,5.58,42.2,37.16,14.94,0
19,"OBD.ours2",5.32,43.32,32.78,15.18,3.3,
19,"MTD.ours3",0.12,6.24,41.62,37.2,14.82,0
19,"OBD.ours3",4.46,42.88,32.52,15.7,4.32,
19,"MTD.titeet",0,17,46,28.3,8.6,0.3
19,"OBD.titeet",16.9,42.7,23.5,12.9,3.8,
19,"MTD.tite12",0,5.2,28.8,36.3,29.2,0.44
19,"OBD.tite12",12.2,41.9,24.6,15.6,5.2,
19,"MTD.bfet",,,,,,0.2
19,"OBD.bfet",8.7,51.9,27.2,10.1,2,
33,"MTD.ours0",0.1,1.92,23.72,56.38,17.88,0
33,"OBD.ours0",5.3,9.88,66.84,14.82,2.04,
33,"MTD.bf",0.14,2.32,22.74,56.68,18.12,0
33,"OBD.bf",9,9.08,62.02,15.64,3.48,
33,"MTD.ours1",0.08,2.28,23.18,55.78,18.66,0.02
33,"OBD.ours1",5.4,10.18,65.2,15.72,2.44,
33,"MTD.ours2",0.04,2.1,23.46,55,19.4,0
33,"OBD.ours2",4.88,10.26,66.1,15.24,2.68,
33,"MTD.ours3",0.12,2,22,56.02,19.86,0
33,"OBD.ours3",4.74,10.88,61.68,17.8,3.98,
33,"MTD.titeet",0.1,1.8,35.5,49.4,13.1,0.5
33,"OBD.titeet",7.7,11.4,50.4,22.4,7.5,
33,"MTD.tite12",0,1.7,18.4,39.7,39.7,0.54
33,"OBD.tite12",8.3,8.9,49.3,24.6,8.4,
33,"MTD.bfet",,,,,,1.1
33,"OBD.bfet",5.2,6.7,58.4,24.4,4.1,
28,"MTD.ours0",5.32,16.76,34.22,32,11.52,0.18
28,"OBD.ours0",37.72,29.24,20.58,9.72,2.56,
28,"MTD.bf",4.14,16.06,34.5,32.06,13.14,0.1
28,"OBD.bf",35.8,28.24,21.18,11.8,2.84,
28,"MTD.ours1",4.94,16.02,33.62,31.86,13.36,0.2
28,"OBD.ours1",37.08,27.7,20.52,11.44,3.02,
28,"MTD.ours2",4.5,16.12,34.26,31.8,13.04,0.28
28,"OBD.ours2",37.42,28,20.62,10.96,2.62,
28,"MTD.ours3",4.2,16.3,34.34,31.82,13.24,0.1
28,"OBD.ours3",35.98,26.7,21.06,12.32,3.76,
28,"MTD.titeet",16.7,29.5,30.6,18.5,4.5,0.1
28,"OBD.titeet",45.8,27.9,16.3,7.4,2.3,
28,"MTD.tite12",1.4,14.2,32.4,27.8,23.8,0.3
28,"OBD.tite12",36.5,27.6,18.7,12.5,4.4,
28,"MTD.bfet",,,,,,0.3
28,"OBD.bfet",50.4,27.7,15.3,5.3,1,
3,"MTD.ours0",0.08,2.28,23.28,55.74,18.62,0
3,"OBD.ours0",2.5,5.86,63.58,23.12,4.1,
3,"MTD.bf",0.14,2.32,22.74,56.68,18.12,0
3,"OBD.bf",2.5,5.3,62.98,23.12,5.32,
3,"MTD.ours1",0.14,2.26,21.98,56.06,19.56,0
3,"OBD.ours1",2.42,5.98,63.12,23.2,4.24,
3,"MTD.ours2",0.12,1.78,23.06,55.58,19.46,0
3,"OBD.ours2",2.1,5.44,64.54,22.6,4.28,
3,"MTD.ours3",0.12,2,22.2,55.88,19.8,0
3,"OBD.ours3",2.26,6.5,59.24,24.9,6.18,
3,"MTD.titeet",0.1,1.8,35.5,49.4,13.1,0.5
3,"OBD.titeet",7.7,11.4,50.4,22.4,7.5,
3,"MTD.tite12",0,1.7,18.4,39.7,39.7,0.54
3,"OBD.tite12",8.3,8.9,49.3,24.6,8.4,
3,"MTD.bfet",,,,,,1.1
3,"OBD.bfet",5.2,6.7,58.4,24.4,4.1,
49,"MTD.ours0",0.06,6.1,41.84,37.42,14.58,0
49,"OBD.ours0",24.86,56.68,13.72,4.22,0.48,
49,"MTD.bf",0.14,5.9,41.72,37.72,14.52,0
49,"OBD.bf",32.64,50.7,11.04,4.38,1.18,
49,"MTD.ours1",0.08,5.74,41.82,37.42,14.94,0
49,"OBD.ours1",23.54,58.06,14.18,3.7,0.42,
49,"MTD.ours2",0.14,6.08,40.86,37.94,14.98,0
49,"OBD.ours2",23.26,57.06,15.14,3.88,0.6,
49,"MTD.ours3",0.12,6.22,41.34,37.16,15.16,0
49,"OBD.ours3",22.88,57.32,14.56,4.32,0.8,
49,"MTD.titeet",0,17,46,28.3,8.6,0.3
49,"OBD.titeet",16.9,42.7,23.5,12.9,3.8,
49,"MTD.tite12",0,5.2,28.8,36.3,29.2,0.44
49,"OBD.tite12",12.2,41.9,24.6,15.6,5.2,
49,"MTD.bfet",,,,,,0.2
49,"OBD.bfet",8.7,51.9,27.2,10.1,2,
39,"MTD.ours0",0.12,5.52,42.08,37.8,14.48,0
39,"OBD.ours0",12.92,59.76,19.92,6.26,1.04,
39,"MTD.bf",0.14,5.9,41.72,37.72,14.52,0
39,"OBD.bf",12.54,57.02,20.12,8.38,1.88,
39,"MTD.ours1",0.14,6.02,40.9,38.6,14.32,0.02
39,"OBD.ours1",14.16,58.28,19.86,6.44,1.1,
39,"MTD.ours2",0.16,5.58,41.48,38.02,14.76,0
39,"OBD.ours2",14.1,57.18,20.46,7.02,1.16,
39,"MTD.ours3",0.12,6.36,41.28,37.08,15.16,0
39,"OBD.ours3",12.54,58.06,20.36,7.08,1.84,
39,"MTD.titeet",0,17,46,28.3,8.6,0.3
39,"OBD.titeet",16.9,42.7,23.5,12.9,3.8,
39,"MTD.tite12",0,5.2,28.8,36.3,29.2,0.44
39,"OBD.tite12",12.2,41.9,24.6,15.6,5.2,
39,"MTD.bfet",,,,,,0.2
39,"OBD.bfet",8.7,51.9,27.2,10.1,2,
38,"MTD.ours0",5.08,16.66,34.3,31.74,12.12,0.1
38,"OBD.ours0",52.22,29.06,13.54,4.44,0.6,
38,"MTD.bf",4.14,16.06,34.5,32.06,13.14,0.1
38,"OBD.bf",47.28,29,15.64,6.26,1.68,
38,"MTD.ours1",4.48,16.54,34.82,32.34,11.68,0.14
38,"OBD.ours1",51.84,29.04,13.84,4.54,0.54,
38,"MTD.ours2",4.42,15.78,34.22,32.6,12.9,0.08
38,"OBD.ours2",50.3,29.3,14.96,4.64,0.64,
38,"MTD.ours3",4.2,16.28,34.04,32.18,13.2,0.1
38,"OBD.ours3",49.28,28.7,14.34,6.36,1.14,
38,"MTD.titeet",16.7,29.5,30.6,18.5,4.5,0.1
38,"OBD.titeet",45.8,27.9,16.3,7.4,2.3,
38,"MTD.tite12",1.4,14.2,32.4,27.8,23.8,0.3
38,"OBD.tite12",36.5,27.6,18.7,12.5,4.4,
38,"MTD.bfet",,,,,,0.3
38,"OBD.bfet",50.4,27.7,15.3,5.3,1,
18,"MTD.ours0",5.4,17.18,33.94,31.28,12.04,0.16
18,"OBD.ours0",39.06,30.16,19.76,8.94,1.9,
18,"MTD.bf",4.14,16.06,34.5,32.06,13.14,0.1
18,"OBD.bf",36.74,28.96,20.54,10.9,2.72,
18,"MTD.ours1",4.36,16.34,34.82,30.76,13.5,0.22
18,"OBD.ours1",39.1,28.7,20.04,9.48,2.42,
18,"MTD.ours2",4.68,16.06,35.76,30.7,12.62,0.18
18,"OBD.ours2",39.1,28.76,20.62,9.58,1.66,
18,"MTD.ours3",4.18,16.38,34.36,31.98,13,0.1
18,"OBD.ours3",37.24,28.14,19.68,11.38,3.38,
18,"MTD.titeet",16.7,29.5,30.6,18.5,4.5,0.1
18,"OBD.titeet",45.8,27.9,16.3,7.4,2.3,
18,"MTD.tite12",1.4,14.2,32.4,27.8,23.8,0.3
18,"OBD.tite12",36.5,27.6,18.7,12.5,4.4,
18,"MTD.bfet",,,,,,0.3
18,"OBD.bfet",50.4,27.7,15.3,5.3,1,
40,"MTD.ours0",0.98,6.62,24.4,31.88,36.1,0.02
40,"OBD.ours0",9.96,51.4,21.84,12.42,3.98,
40,"MTD.bf",0.84,6.88,24.04,33.08,35.16,0
40,"OBD.bf",9.18,48.44,23,14.18,5.1,
40,"MTD.ours1",0.98,6.3,24.08,32.76,35.88,0
40,"OBD.ours1",10.5,50.72,21.52,13.46,3.6,
40,"MTD.ours2",1.3,6.62,23.7,32.52,35.82,0.04
40,"OBD.ours2",10.28,50.62,22.16,12.96,3.66,
40,"MTD.ours3",0.8,6.78,23.66,32.16,36.6,0
40,"OBD.ours3",8.9,50.16,22.62,13.48,4.62,
40,"MTD.titeet",0.3,23.4,33.2,27.1,16,0.5
40,"OBD.titeet",11.8,44.1,23.4,13.7,6.6,
40,"MTD.tite12",0.2,4.8,18.6,29.2,47.1,0.24
40,"OBD.tite12",8.1,37.5,23.3,20.4,10.4,
40,"MTD.bfet",,,,,,0.9
40,"OBD.bfet",8.8,47.7,25.6,12.6,4.5,
30,"MTD.ours0",1.36,6.5,25.04,32.68,34.42,0
30,"OBD.ours0",3,40.36,28.92,19.1,8.28,
30,"MTD.bf",0.84,6.88,24.04,33.08,35.16,0
30,"OBD.bf",2.74,38.98,29.76,19.24,9.18,
30,"MTD.ours1",0.94,6,24.58,32.36,36.08,0.04
30,"OBD.ours1",2.84,39.32,28.6,19.42,9.6,
30,"MTD.ours2",1.06,6.64,22.78,30.84,38.68,0
30,"OBD.ours2",3.6,37.64,28.68,19.44,10.3,
30,"MTD.ours3",0.8,6.84,23.58,32.26,36.52,0
30,"OBD.ours3",2.66,37.46,28.98,20.14,10.54,
30,"MTD.titeet",0.3,23.4,33.2,27.1,16,0.5
30,"OBD.titeet",11.8,44.1,23.4,13.7,6.6,
30,"MTD.tite12",0.2,4.8,18.6,29.2,47.1,0.24
30,"OBD.tite12",8.1,37.5,23.3,20.4,10.4,
30,"MTD.bfet",,,,,,0.9
30,"OBD.bfet",8.8,47.7,25.6,12.6,4.5,
20,"MTD.ours0",1.2,6.12,25.06,32.28,35.32,0.02
20,"OBD.ours0",3.48,41.7,28.52,17.98,8.02,
20,"MTD.bf",0.84,6.88,24.04,33.08,35.16,0
20,"OBD.bf",2.92,40.52,28.68,18.78,9,
20,"MTD.ours1",1.04,7,23.7,31.56,36.68,0.02
20,"OBD.ours1",3.4,42.06,28.06,18.04,8.1,
20,"MTD.ours2",1.28,7.04,24.38,31.08,36.16,0.06
20,"OBD.ours2",3.3,42.48,28.52,17.26,8.02,
20,"MTD.ours3",0.8,6.78,23.64,32.22,36.56,0
20,"OBD.ours3",2.94,39.1,28.28,19.38,10.08,
20,"MTD.titeet",0.3,23.4,33.2,27.1,16,0.5
20,"OBD.titeet",11.8,44.1,23.4,13.7,6.6,
20,"MTD.tite12",0.2,4.8,18.6,29.2,47.1,0.24
20,"OBD.tite12",8.1,37.5,23.3,20.4,10.4,
20,"MTD.bfet",,,,,,0.9
20,"OBD.bfet",8.8,47.7,25.6,12.6,4.5,
50,"MTD.ours0",0.98,6.48,24.32,32.02,36.18,0.02
50,"OBD.ours0",18.64,50.02,18.42,10.02,2.38,
50,"MTD.bf",0.84,6.88,24.04,33.08,35.16,0
50,"OBD.bf",25.08,44.2,17.16,9.92,3.54,
50,"MTD.ours1",1.26,6.42,24.02,32.18,36.1,0.02
50,"OBD.ours1",19.32,50.74,18,8.92,2.66,
50,"MTD.ours2",1.48,6.36,24.48,32.48,35.16,0.04
50,"OBD.ours2",19.04,50.3,18.68,9.44,2.16,
50,"MTD.ours3",0.8,6.72,23.9,32.16,36.42,0
50,"OBD.ours3",18.62,49.74,18.78,10.04,2.6,
50,"MTD.titeet",0.3,23.4,33.2,27.1,16,0.5
50,"OBD.titeet",11.8,44.1,23.4,13.7,6.6,
50,"MTD.tite12",0.2,4.8,18.6,29.2,47.1,0.24
50,"OBD.tite12",8.1,37.5,23.3,20.4,10.4,
50,"MTD.bfet",,,,,,0.9
50,"OBD.bfet",8.8,47.7,25.6,12.6,4.5,
8,"MTD.ours0",4.46,16.54,34.24,32.18,12.5,0.08
8,"OBD.ours0",43.62,30.88,16.92,7.1,1.4,
8,"MTD.bf",4.14,16.06,34.5,32.06,13.14,0.1
8,"OBD.bf",41.22,29.24,18.3,8.84,2.26,
8,"MTD.ours1",4.64,15.1,35.18,32.2,12.64,0.24
8,"OBD.ours1",43.38,29.78,18.04,6.98,1.56,
8,"MTD.ours2",4.46,15.56,34.76,32.76,12.36,0.1
8,"OBD.ours2",44.46,29.6,17,7.38,1.4,
8,"MTD.ours3",4.18,16.34,34.26,31.84,13.28,0.1
8,"OBD.ours3",43.6,28.12,17,8.62,2.48,
8,"MTD.titeet",16.7,29.5,30.6,18.5,4.5,0.1
8,"OBD.titeet",45.8,27.9,16.3,7.4,2.3,
8,"MTD.tite12",1.4,14.2,32.4,27.8,23.8,0.3
8,"OBD.tite12",36.5,27.6,18.7,12.5,4.4,
8,"MTD.bfet",,,,,,0.3
8,"OBD.bfet",50.4,27.7,15.3,5.3,1,
10,"MTD.ours0",1.18,6.74,24.04,32.26,35.76,0.02
10,"OBD.ours0",5.5,45.42,27.1,15.76,5.86,
10,"MTD.bf",0.84,6.88,24.04,33.08,35.16,0
10,"OBD.bf",4.46,45.12,26.44,16.6,7.28,
10,"MTD.ours1",1.16,6,24.8,31.92,36.06,0.06
10,"OBD.ours1",5.44,46.04,25.16,16.1,6.78,
10,"MTD.ours2",1.14,6.64,24,30.72,37.46,0.04
10,"OBD.ours2",5.38,46.02,24.94,16.88,6.5,
10,"MTD.ours3",0.82,6.74,23.7,32.14,36.6,0
10,"OBD.ours3",4.68,44.92,25.64,16.78,7.76,
10,"MTD.titeet",0.3,23.4,33.2,27.1,16,0.5
10,"OBD.titeet",11.8,44.1,23.4,13.7,6.6,
10,"MTD.tite12",0.2,4.8,18.6,29.2,47.1,0.24
10,"OBD.tite12",8.1,37.5,23.3,20.4,10.4,
10,"MTD.bfet",,,,,,0.9
10,"OBD.bfet",8.8,47.7,25.6,12.6,4.5,
